Cod unic candidat,Sex,Specializare,Profil,Fileira,Forma de învățământ,Mediu candidat,Unitate (SIIIR),Unitate (SIRUES),Clasa,Subiect ea,Subiect eb,Limba modernă,Subiect ec,Subiect ed,Promoție,NOTE_RECUN_A,NOTE_RECUN_B,NOTE_RECUN_C,NOTE_RECUN_D,NOTE_RECUN_EA,NOTE_RECUN_EB,NOTE_RECUN_EC,NOTE_RECUN_ED,STATUS_A,STATUS_B,STATUS_C,STATUS_D,STATUS_EA,STATUS_EB,STATUS_EC,STATUS_ED,ITA,SCRIS_ITC,SCRIS_PMS,ORAL_PMO,ORAL_IO,NOTA_EA,NOTA_EB,NOTA_EC,NOTA_ED,CONTESTATIE_EA,NOTA_CONTESTATIE_EA,CONTESTATIE_EB,NOTA_CONTESTATIE_EB,CONTESTATIE_EC,NOTA_CONTESTATIE_EC,CONTESTATIE_ED,NOTA_CONTESTATIE_ED,PUNCTAJ DIGITALE,STATUS,Medie
407909,F,Științe ale Naturii,Real,Teoretica,Zi,RURAL,2161100876,210539881.0,a XII-a E,Limba română (REAL),,Limba engleză,Matematică ST-NAT,"Anatomie și fiziologie umană, genetică și ecologie umană",2015-2016,Nu,Nu,Nu,Nu,Nu,Nu,Nu,Nu,Experimentat,Neevaluat,Calificativ,Mediu,Promovat,Neevaluat,Promovat,Promovat,A2,B1,A2,B1,B1,8.5,,9.8,8.0,Nu,,Nu,,Nu,,Nu,,49,Promovat,8.76
407923,F,Științe ale Naturii,Real,Teoretica,Zi,RURAL,2161100876,210539881.0,a XII-a E,Limba română (REAL),,Limba engleză,Matematică ST-NAT,Fizică TEO,2015-2016,Nu,Nu,Nu,Nu,Nu,Nu,Nu,Nu,Experimentat,Neevaluat,Calificativ,Avansat,Promovat,Neevaluat,Promovat,Promovat,B2,A2,B1,B1,B1,8.55,,9.8,9.0,Nu,,Nu,,Nu,,Nu,,60,Promovat,8.81
407924,F,Științe ale Naturii,Real,Teoretica,Zi,RURAL,2161100876,210539881.0,a XII-a E,Limba română (REAL),,Limba engleză,Matematică ST-NAT,"Anatomie și fiziologie umană, genetică și ecologie umană",2015-2016,Nu,Nu,Nu,Nu,Nu,Nu,Nu,Nu,Experimentat,Neevaluat,Calificativ,Avansat,Promovat,Neevaluat,Promovat,Promovat,B2,A2,B1,B2,B2,7.9,,7.1,8.65,Nu,,Nu,,Nu,,Nu,,57,Promovat,7.88
446343,M,Matematica-Informatica,Real,Teoretica,Zi,RURAL,2161100876,210539881.0,a XII-a A,Limba română (REAL),,Limba engleză,Matematică MATE-INFO,Fizică TEO,2015-2016,Nu,Nu,Da,Nu,Nu,Nu,Nu,Nu,Experimentat,Neevaluat,Certificat,Avansat,Promovat,Neevaluat,Promovat,Promovat,Neevaluat,Neevaluat,Neevaluat,Neevaluat,Neevaluat,9.3,,9.5,8.8,Nu,,Nu,,Da,9.5,Nu,,71,Promovat,9.2
407438,M,Științe Sociale,Uman,Teoretica,Zi,RURAL,2161100876,210539881.0,a XII-a G,Limba română (UMAN),,Limba engleză,Istorie,Geografie,2015-2016,Nu,Nu,Nu,Nu,Nu,Nu,Nu,Nu,Avansat,Neevaluat,Calificativ,Avansat,Promovat,Neevaluat,Promovat,Promovat,B2,A2,A2,A2,A2,8.2,,7.75,8.65,Nu,,Nu,,Nu,,Nu,,57,Promovat,8.2
407481,M,Științe Sociale,Uman,Teoretica,Zi,RURAL,2161100876,210539881.0,a XII-a G,Limba română (UMAN),,Limba engleză,Istorie,Geografie,2015-2016,Nu,Nu,Nu,Nu,Nu,Nu,Nu,Nu,Avansat,Neevaluat,Calificativ,Incepator,Promovat,Neevaluat,Promovat,Promovat,B2,A2,-,A1,A1,5.85,,6.85,8.4,Nu,,Nu,,Nu,,Nu,,20,Promovat,7.03
407499,M,Științe Sociale,Uman,Teoretica,Zi,URBAN,2161100876,210539881.0,a XII-a G,Limba română (UMAN),,Limba engleză,Istorie,Geografie,2015-2016,Nu,Nu,Nu,Nu,Nu,Nu,Nu,Nu,Experimentat,Neevaluat,Calificativ,Mediu,Promovat,Neevaluat,Promovat,Promovat,A2,A2,B1,B1,B1,8.9,,9.1,10.0,Da,9,Nu,,Nu,,Nu,,43,Promovat,9.33
407583,F,Științe Sociale,Uman,Teoretica,Zi,URBAN,2161100876,210539881.0,a XII-a G,Limba română (UMAN),,Limba engleză,Istorie,Psihologie,2015-2016,Nu,Nu,Nu,Nu,Nu,Nu,Nu,Nu,Experimentat,Neevaluat,Calificativ,Avansat,Promovat,Neevaluat,Promovat,Promovat,B2,B2,B2,B2,B2,6.65,,8.8,10.0,Da,7,Nu,,Nu,,Nu,,71,Promovat,8.48
427939,F,Matematica-Informatica,Real,Teoretica,Zi,URBAN,2161100876,210539881.0,a XII-a B,Limba română (REAL),,Limba engleză,Matematică MATE-INFO,"Anatomie și fiziologie umană, genetică și ecologie umană",2015-2016,Nu,Nu,Nu,Nu,Nu,Nu,Nu,Nu,Experimentat,Neevaluat,Calificativ,Avansat,Promovat,Neevaluat,Promovat,Promovat,B1,B2,B2,B2,B2,9.7,,9.3,9.55,Nu,,Nu,,Nu,,Nu,,62,Promovat,9.51
428262,F,Matematica-Informatica,Real,Teoretica,Zi,URBAN,2161100876,210539881.0,a XII-a B,Limba română (REAL),,Limba engleză,Matematică MATE-INFO,"Anatomie și fiziologie umană, genetică și ecologie umană",2015-2016,Nu,Nu,Nu,Da,Nu,Nu,Nu,Nu,Experimentat,Neevaluat,Calificativ,Certificat,Promovat,Neevaluat,Promovat,Promovat,B2,B1,B2,B2,B2,9.5,,9.55,9.9,Nu,,Nu,,Nu,,Nu,,,Promovat,9.65
428987,F,Matematica-Informatica,Real,Teoretica,Zi,URBAN,2161100876,210539881.0,a XII-a B,Limba română (REAL),,Limba engleză,Matematică MATE-INFO,Chimie organică TEO Nivel I/II,2015-2016,Nu,Nu,Da,Da,Nu,Nu,Nu,Nu,Experimentat,Neevaluat,Certificat,Certificat,Promovat,Neevaluat,Promovat,Promovat,Neevaluat,Neevaluat,Neevaluat,Neevaluat,Neevaluat,9.2,,9.75,9.8,Nu,,Nu,,Nu,,Nu,,,Promovat,9.58
429050,F,Matematica-Informatica,Real,Teoretica,Zi,URBAN,2161100876,210539881.0,a XII-a B,Limba română (REAL),,Limba engleză,Matematică MATE-INFO,Chimie organică TEO Nivel I/II,2015-2016,Nu,Nu,Nu,Nu,Nu,Nu,Nu,Nu,Experimentat,Neevaluat,Calificativ,Avansat,Promovat,Neevaluat,Promovat,Promovat,B2,B1,B2,B2,B2,8.6,,9.55,9.95,Da,9.2,Nu,,Nu,,Nu,,57,Promovat,9.56
429839,F,Matematica-Informatica,Real,Teoretica,Zi,URBAN,2161100876,210539881.0,a XII-a B,Limba română (REAL),,Limba engleză,Matematică MATE-INFO,Fizică TEO,2015-2016,Nu,Nu,Da,Nu,Nu,Nu,Nu,Nu,Experimentat,Neevaluat,Certificat,Experimentat,Promovat,Neevaluat,Promovat,Promovat,Neevaluat,Neevaluat,Neevaluat,Neevaluat,Neevaluat,9.6,,9.8,10.0,Nu,,Nu,,Nu,,Nu,,77,Promovat,9.8
430134,F,Matematica-Informatica,Real,Teoretica,Zi,URBAN,2161100876,210539881.0,a XII-a B,Limba română (REAL),,Limba engleză,Matematică MATE-INFO,"Anatomie și fiziologie umană, genetică și ecologie umană",2015-2016,Nu,Nu,Nu,Nu,Nu,Nu,Nu,Nu,Experimentat,Neevaluat,Calificativ,Avansat,Promovat,Neevaluat,Promovat,Promovat,B2,B2,B2,B2,B2,9.3,,9.35,9.7,Nu,,Nu,,Nu,,Nu,,63,Promovat,9.45
407821,F,Filologie,Uman,Teoretica,Zi,URBAN,2161100876,210539881.0,a XII-a F,Limba română (UMAN),,Limba engleză,Istorie,Geografie,2015-2016,Nu,Nu,Nu,Nu,Nu,Nu,Nu,Nu,Experimentat,Neevaluat,Calificativ,Experimentat,Promovat,Neevaluat,Promovat,Promovat,B2,B2,B2,B2,B2,8.2,,8.9,8.85,Da,8.2,Nu,,Nu,,Nu,,87,Promovat,8.65
407828,F,Filologie,Uman,Teoretica,Zi,URBAN,2161100876,210539881.0,a XII-a F,Limba română (UMAN),,Limba engleză,Istorie,"Logică, argumentare și comunicare",2015-2016,Nu,Nu,Da,Da,Nu,Nu,Nu,Nu,Experimentat,Neevaluat,Certificat,Certificat,Promovat,Neevaluat,Promovat,Promovat,Neevaluat,Neevaluat,Neevaluat,Neevaluat,Neevaluat,8.85,,9.45,9.7,Da,9.4,Nu,,Nu,,Nu,,,Promovat,9.51
407831,F,Filologie,Uman,Teoretica,Zi,RURAL,2161100876,210539881.0,a XII-a F,Limba română (UMAN),,Limba engleză,Istorie,Geografie,2015-2016,Nu,Nu,Nu,Nu,Nu,Nu,Nu,Nu,Experimentat,Neevaluat,Calificativ,Avansat,Promovat,Neevaluat,Promovat,Promovat,B2,B1,B2,B2,B2,6.3,,7.8,8.85,Da,6.1,Nu,,Da,6.35,Nu,,56,Promovat,7.16
407848,F,Filologie,Uman,Teoretica,Zi,URBAN,2161100876,210539881.0,a XII-a F,Limba română (UMAN),,Limba engleză,Istorie,"Logică, argumentare și comunicare",2015-2016,Nu,Nu,Nu,Da,Nu,Nu,Nu,Nu,Experimentat,Neevaluat,Calificativ,Certificat,Promovat,Neevaluat,Promovat,Promovat,B2,A2,B1,B2,B2,8.0,,9.65,10.0,Da,8,Nu,,Nu,,Nu,,,Promovat,9.21
407849,F,Filologie,Uman,Teoretica,Zi,URBAN,2161100876,210539881.0,a XII-a F,Limba română (UMAN),,Limba engleză,Istorie,"Logică, argumentare și comunicare",2015-2016,Nu,Nu,Da,Nu,Nu,Nu,Nu,Nu,Experimentat,Neevaluat,Certificat,Mediu,Promovat,Neevaluat,Promovat,Promovat,Neevaluat,Neevaluat,Neevaluat,Neevaluat,Neevaluat,8.4,,9.8,9.7,Da,9,Nu,,Nu,,Nu,,50,Promovat,9.5
407850,F,Filologie,Uman,Teoretica,Zi,RURAL,2161100876,210539881.0,a XII-a F,Limba română (UMAN),,Limba engleză,Istorie,Geografie,2015-2016,Nu,Nu,Nu,Nu,Nu,Nu,Nu,Nu,Experimentat,Neevaluat,Calificativ,Avansat,Promovat,Neevaluat,Promovat,Promovat,B1,A2,A2,B1,B1,7.6,,9.85,9.95,Da,8.5,Nu,,Nu,,Nu,,63,Promovat,9.43
407871,F,Filologie,Uman,Teoretica,Zi,RURAL,2161100876,210539881.0,a XII-a F,Limba română (UMAN),,Limba engleză,Istorie,"Logică, argumentare și comunicare",2015-2016,Nu,Nu,Nu,Nu,Nu,Nu,Nu,Nu,Experimentat,Neevaluat,Calificativ,Avansat,Promovat,Neevaluat,Promovat,Promovat,B1,A2,A2,B1,B1,8.1,,9.5,10.0,Nu,,Nu,,Nu,,Nu,,56,Promovat,9.2
407872,F,Filologie,Uman,Teoretica,Zi,RURAL,2161100876,210539881.0,a XII-a F,Limba română (UMAN),,Limba engleză,Istorie,Geografie,2015-2016,Nu,Nu,Nu,Da,Nu,Nu,Nu,Nu,Experimentat,Neevaluat,Calificativ,Certificat,Promovat,Neevaluat,Promovat,Promovat,B1,B1,B1,B2,B2,8.8,,9.55,9.1,Nu,,Nu,,Nu,,Nu,,,Promovat,9.15
407874,F,Filologie,Uman,Teoretica,Zi,URBAN,2161100876,210539881.0,a XII-a F,Limba română (UMAN),,Limba franceză,Istorie,Geografie,2015-2016,Nu,Nu,Da,Nu,Nu,Nu,Nu,Nu,Experimentat,Neevaluat,Certificat,Avansat,Promovat,Neevaluat,Promovat,Promovat,Neevaluat,Neevaluat,Neevaluat,Neevaluat,Neevaluat,5.9,,7.35,9.65,Nu,,Nu,,Da,8.35,Nu,,58,Promovat,7.96
407875,F,Filologie,Uman,Teoretica,Zi,URBAN,2161100876,210539881.0,a XII-a F,Limba română (UMAN),,Limba engleză,Istorie,Geografie,2015-2016,Nu,Nu,Da,Nu,Nu,Nu,Nu,Nu,Experimentat,Neevaluat,Certificat,Avansat,Promovat,Neevaluat,Promovat,Promovat,Neevaluat,Neevaluat,Neevaluat,Neevaluat,Neevaluat,8.65,,8.95,9.2,Nu,,Nu,,Nu,,Nu,,56,Promovat,8.93
407877,F,Filologie,Uman,Teoretica,Zi,URBAN,2161100876,210539881.0,a XII-a F,Limba română (UMAN),,Limba engleză,Istorie,Geografie,2015-2016,Nu,Nu,Nu,Nu,Nu,Nu,Nu,Nu,Experimentat,Neevaluat,Calificativ,Experimentat,Promovat,Neevaluat,Promovat,Promovat,B2,B2,B2,B2,B2,9.6,,10.9,9.0,Nu,,Nu,,Nu,,Nu,,85,Promovat,9.83
407878,F,Filologie,Uman,Teoretica,Zi,URBAN,2161100876,210539881.0,a XII-a F,Limba română (UMAN),,Limba engleză,Istorie,Economie,2015-2016,Nu,Nu,Da,Nu,Nu,Nu,Nu,Nu,Experimentat,Neevaluat,Certificat,Avansat,Promovat,Neevaluat,Promovat,Promovat,Neevaluat,Neevaluat,Neevaluat,Neevaluat,Neevaluat,9.65,,9.4,9.4,Nu,,Nu,,Nu,,Nu,,65,Promovat,9.48
407879,F,Filologie,Uman,Teoretica,Zi,URBAN,2161100876,210539881.0,a XII-a F,Limba română (UMAN),,Limba engleză,Istorie,"Logică, argumentare și comunicare",2015-2016,Nu,Nu,Da,Nu,Nu,Nu,Nu,Nu,Experimentat,Neevaluat,Certificat,Avansat,Promovat,Neevaluat,Promovat,Promovat,Neevaluat,Neevaluat,Neevaluat,Neevaluat,Neevaluat,8.35,,8.65,9.7,Da,9,Nu,,Nu,,Nu,,71,Promovat,9.11
407880,F,Filologie,Uman,Teoretica,Zi,URBAN,2161100876,210539881.0,a XII-a F,Limba română (UMAN),,Limba franceză,Istorie,"Logică, argumentare și comunicare",2015-2016,Nu,Nu,Nu,Nu,Nu,Nu,Nu,Nu,Experimentat,Neevaluat,Calificativ,Avansat,Promovat,Neevaluat,Promovat,Promovat,B1,B2,B2,B2,B2,8.35,,8.85,9.7,Nu,,Nu,,Nu,,Nu,,61,Promovat,8.96
407885,F,Filologie,Uman,Teoretica,Zi,RURAL,2161100876,210539881.0,a XII-a F,Limba română (UMAN),,Limba engleză,Istorie,Economie,2015-2016,Nu,Nu,Da,Da,Nu,Nu,Nu,Nu,Experimentat,Neevaluat,Certificat,Certificat,Promovat,Neevaluat,Promovat,Promovat,Neevaluat,Neevaluat,Neevaluat,Neevaluat,Neevaluat,5.2,,9.8,9.3,Nu,,Nu,,Nu,,Nu,,,Promovat,8.1
407886,F,Filologie,Uman,Teoretica,Zi,URBAN,2161100876,210539881.0,a XII-a F,Limba română (UMAN),,Limba engleză,Istorie,Geografie,2015-2016,Nu,Nu,Da,Nu,Nu,Nu,Nu,Nu,Experimentat,Neevaluat,Certificat,Mediu,Promovat,Neevaluat,Promovat,Promovat,Neevaluat,Neevaluat,Neevaluat,Neevaluat,Neevaluat,8.85,,8.05,9.4,Da,9.15,Nu,,Da,7.85,Nu,,52,Promovat,8.76
407888,F,Filologie,Uman,Teoretica,Zi,URBAN,2161100876,210539881.0,a XII-a F,Limba română (UMAN),,Limba engleză,Istorie,Geografie,2015-2016,Nu,Nu,Da,Nu,Nu,Nu,Nu,Nu,Experimentat,Neevaluat,Certificat,Avansat,Promovat,Neevaluat,Promovat,Promovat,Neevaluat,Neevaluat,Neevaluat,Neevaluat,Neevaluat,8.65,,8.1,9.55,Da,9.15,Nu,,Da,8.35,Nu,,64,Promovat,8.93
407933,F,Științe ale Naturii,Real,Teoretica,Zi,URBAN,2161100876,210539881.0,a XII-a E,Limba română (REAL),,Limba engleză,Matematică ST-NAT,Chimie organică TEO Nivel I/II,2015-2016,Nu,Nu,Nu,Da,Nu,Nu,Nu,Nu,Experimentat,Neevaluat,Calificativ,Certificat,Promovat,Neevaluat,Promovat,Promovat,B1,B1,B2,B2,B2,8.0,,8.3,8.9,Nu,,Nu,,Nu,,Nu,,,Promovat,8.4
407934,M,Științe ale Naturii,Real,Teoretica,Zi,URBAN,2161100876,210539881.0,a XII-a E,Limba română (REAL),,Limba engleză,Matematică ST-NAT,Chimie organică TEO Nivel I/II,2015-2016,Nu,Nu,Nu,Nu,Nu,Nu,Nu,Nu,Experimentat,Neevaluat,Calificativ,Experimentat,Promovat,Neevaluat,Promovat,Promovat,B2,B1,B2,B2,B2,6.35,,9.55,9.8,Nu,,Nu,,Nu,,Nu,,76,Promovat,8.56
407941,M,Științe ale Naturii,Real,Teoretica,Zi,URBAN,2161100876,210539881.0,a XII-a E,Limba română (REAL),,Limba engleză,Matematică ST-NAT,"Anatomie și fiziologie umană, genetică și ecologie umană",2015-2016,Nu,Nu,Nu,Nu,Nu,Nu,Nu,Nu,Experimentat,Neevaluat,Calificativ,Avansat,Promovat,Neevaluat,Promovat,Promovat,B1,B1,B1,B2,B2,9.15,,8.5,7.9,Nu,,Nu,,Nu,,Nu,,65,Promovat,8.51
407942,F,Științe ale Naturii,Real,Teoretica,Zi,RURAL,2161100876,210539881.0,a XII-a E,Limba română (REAL),,Limba engleză,Matematică ST-NAT,"Anatomie și fiziologie umană, genetică și ecologie umană",2015-2016,Nu,Nu,Nu,Nu,Nu,Nu,Nu,Nu,Experimentat,Neevaluat,Calificativ,Mediu,Promovat,Neevaluat,Promovat,Promovat,A2,A2,B1,B2,B2,8.5,,8.5,8.65,Nu,,Nu,,Nu,,Nu,,49,Promovat,8.55
407943,F,Științe ale Naturii,Real,Teoretica,Zi,RURAL,2161100876,210539881.0,a XII-a E,Limba română (REAL),,Limba engleză,Matematică ST-NAT,"Anatomie și fiziologie umană, genetică și ecologie umană",2015-2016,Nu,Nu,Da,Nu,Nu,Nu,Nu,Nu,Experimentat,Neevaluat,Certificat,Experimentat,Promovat,Neevaluat,Promovat,Promovat,Neevaluat,Neevaluat,Neevaluat,Neevaluat,Neevaluat,8.0,,8.6,8.85,Da,8.8,Nu,,Nu,,Nu,,82,Promovat,8.75
426769,F,Matematica-Informatica,Real,Teoretica,Zi,URBAN,2161100876,210539881.0,a XII-a B,Limba română (REAL),,Limba engleză,Matematică MATE-INFO,Fizică TEO,2015-2016,Nu,Nu,Da,Nu,Nu,Nu,Nu,Nu,Experimentat,Neevaluat,Certificat,Mediu,Promovat,Neevaluat,Promovat,Promovat,Neevaluat,Neevaluat,Neevaluat,Neevaluat,Neevaluat,9.1,,9.85,9.35,Da,9.1,Nu,,Nu,,Nu,,45,Promovat,9.43
429923,M,Matematica-Informatica,Real,Teoretica,Zi,URBAN,2161100876,210539881.0,a XII-a B,Limba română (REAL),,Limba engleză,Matematică MATE-INFO,Fizică TEO,2015-2016,Nu,Nu,Nu,Nu,Nu,Nu,Nu,Nu,Experimentat,Neevaluat,Calificativ,Experimentat,Promovat,Neevaluat,Promovat,Promovat,B2,B2,B2,B2,B2,9.4,,9.5,9.7,Nu,,Nu,,Nu,,Nu,,92,Promovat,9.53
430703,M,Matematica-Informatica,Real,Teoretica,Zi,URBAN,2161100876,210539881.0,a XII-a B,Limba română (REAL),,Limba engleză,Matematică MATE-INFO,Fizică TEO,2015-2016,Nu,Nu,Nu,Da,Nu,Nu,Nu,Nu,Experimentat,Neevaluat,Calificativ,Certificat,Promovat,Neevaluat,Promovat,Promovat,B2,B2,B2,B2,B2,8.45,,9.75,10.0,Da,8.5,Nu,,Nu,,Nu,,,Promovat,9.4
429352,F,Matematica-Informatica,Real,Teoretica,Zi,URBAN,2161100876,210539881.0,a XII-a B,Limba română (REAL),,Limba engleză,Matematică MATE-INFO,Fizică TEO,2015-2016,Nu,Nu,Da,Da,Nu,Nu,Nu,Nu,Experimentat,Neevaluat,Certificat,Certificat,Promovat,Neevaluat,Promovat,Promovat,Neevaluat,Neevaluat,Neevaluat,Neevaluat,Neevaluat,8.7,,9.9,10.0,Nu,,Nu,,Nu,,Nu,,,Promovat,9.53
429527,F,Matematica-Informatica,Real,Teoretica,Zi,URBAN,2161100876,210539881.0,a XII-a B,Limba română (REAL),,Limba engleză,Matematică MATE-INFO,Fizică TEO,2015-2016,Nu,Nu,Da,Da,Nu,Nu,Nu,Nu,Experimentat,Neevaluat,Certificat,Certificat,Promovat,Neevaluat,Promovat,Promovat,Neevaluat,Neevaluat,Neevaluat,Neevaluat,Neevaluat,9.35,,9.95,9.85,Nu,,Nu,,Nu,,Nu,,,Promovat,9.71
407825,F,Filologie,Uman,Teoretica,Zi,RURAL,2161100876,210539881.0,a XII-a F,Limba română (UMAN),,Limba engleză,Istorie,"Logică, argumentare și comunicare",2015-2016,Nu,Nu,Da,Da,Nu,Nu,Nu,Nu,Experimentat,Neevaluat,Certificat,Certificat,Promovat,Neevaluat,Promovat,Promovat,Neevaluat,Neevaluat,Neevaluat,Neevaluat,Neevaluat,5.2,,9.1,10.0,Nu,,Nu,,Nu,,Nu,,,Promovat,8.1
407842,F,Filologie,Uman,Teoretica,Zi,URBAN,2161100876,210539881.0,a XII-a F,Limba română (UMAN),,Limba engleză,Istorie,"Logică, argumentare și comunicare",2015-2016,Nu,Nu,Nu,Nu,Nu,Nu,Nu,Nu,Experimentat,Neevaluat,Calificativ,Experimentat,Promovat,Neevaluat,Promovat,Promovat,B2,B1,B2,B2,B2,8.9,,9.55,10.0,Nu,,Nu,,Nu,,Nu,,78,Promovat,9.48
407845,F,Filologie,Uman,Teoretica,Zi,URBAN,2161100876,210539881.0,a XII-a F,Limba română (UMAN),,Limba engleză,Istorie,Geografie,2015-2016,Nu,Nu,Da,Nu,Nu,Nu,Nu,Nu,Experimentat,Neevaluat,Certificat,Experimentat,Promovat,Neevaluat,Promovat,Promovat,Neevaluat,Neevaluat,Neevaluat,Neevaluat,Neevaluat,8.8,,9.6,9.5,Da,9.4,Nu,,Nu,,Nu,,77,Promovat,9.5
407851,F,Filologie,Uman,Teoretica,Zi,RURAL,2161100876,210539881.0,a XII-a F,Limba română (UMAN),,Limba franceză,Istorie,"Logică, argumentare și comunicare",2015-2016,Nu,Nu,Nu,Nu,Nu,Nu,Nu,Nu,Experimentat,Neevaluat,Calificativ,Experimentat,Promovat,Neevaluat,Promovat,Promovat,B1,B2,B2,B2,B2,6.7,,8.7,9.5,Da,7.4,Nu,,Da,9.45,Nu,,76,Promovat,8.78
407866,F,Filologie,Uman,Teoretica,Zi,URBAN,2161100876,210539881.0,a XII-a F,Limba română (UMAN),,Limba engleză,Istorie,Geografie,2015-2016,Nu,Nu,Da,Da,Nu,Nu,Nu,Nu,Experimentat,Neevaluat,Certificat,Certificat,Promovat,Neevaluat,Promovat,Promovat,Neevaluat,Neevaluat,Neevaluat,Neevaluat,Neevaluat,8.8,,10.9,5.0,Nu,,Nu,,Nu,,Nu,,,Promovat,9.28
407869,F,Filologie,Uman,Teoretica,Zi,URBAN,2161100876,210539881.0,a XII-a F,Limba română (UMAN),,Limba engleză,Istorie,"Logică, argumentare și comunicare",2015-2016,Nu,Nu,Da,Da,Nu,Nu,Nu,Nu,Experimentat,Neevaluat,Certificat,Certificat,Promovat,Neevaluat,Promovat,Promovat,Neevaluat,Neevaluat,Neevaluat,Neevaluat,Neevaluat,9.15,,9.35,9.7,Nu,,Nu,,Nu,,Nu,,,Promovat,9.4
407905,F,Științe ale Naturii,Real,Teoretica,Zi,URBAN,2161100876,210539881.0,a XII-a E,Limba română (REAL),,Limba engleză,Matematică ST-NAT,Biologie vegetală și animală,2015-2016,Nu,Nu,Da,Nu,Nu,Nu,Nu,Nu,Experimentat,Neevaluat,Certificat,Avansat,Promovat,Neevaluat,Promovat,Promovat,Neevaluat,Neevaluat,Neevaluat,Neevaluat,Neevaluat,9.0,,9.8,10.0,Nu,,Nu,,Nu,,Nu,,63,Promovat,9.6
430361,F,Matematica-Informatica,Real,Teoretica,Zi,URBAN,2161100876,210539881.0,a XII-a B,Limba română (REAL),,Limba engleză,Matematică MATE-INFO,"Anatomie și fiziologie umană, genetică și ecologie umană",2015-2016,Nu,Nu,Da,Da,Nu,Nu,Nu,Nu,Experimentat,Neevaluat,Certificat,Certificat,Promovat,Neevaluat,Promovat,Promovat,Neevaluat,Neevaluat,Neevaluat,Neevaluat,Neevaluat,8.65,,9.5,9.35,Da,8.9,Nu,,Nu,,Nu,,,Promovat,9.16
430582,F,Matematica-Informatica,Real,Teoretica,Zi,URBAN,2161100876,210539881.0,a XII-a B,Limba română (REAL),,Limba engleză,Matematică MATE-INFO,Fizică TEO,2015-2016,Nu,Nu,Da,Nu,Nu,Nu,Nu,Nu,Experimentat,Neevaluat,Certificat,Experimentat,Promovat,Neevaluat,Promovat,Promovat,Neevaluat,Neevaluat,Neevaluat,Neevaluat,Neevaluat,9.4,,10.9,85.0,Da,9.6,Nu,,Nu,,Nu,,79,Promovat,9.75
424879,F,Matematica-Informatica,Real,Teoretica,Zi,URBAN,2161100876,210539881.0,a XII-a B,Limba română (REAL),,Limba engleză,Matematică MATE-INFO,"Anatomie și fiziologie umană, genetică și ecologie umană",2015-2016,Nu,Nu,Nu,Da,Nu,Nu,Nu,Nu,Experimentat,Neevaluat,Calificativ,Certificat,Promovat,Neevaluat,Promovat,Promovat,B2,B2,B2,B2,B2,9.45,,9.35,9.75,Nu,,Nu,,Nu,,Nu,,,Promovat,9.51
407634,M,Științe Sociale,Uman,Teoretica,Zi,RURAL,2161100876,210539881.0,a XII-a G,Limba română (UMAN),,Limba engleză,Istorie,Geografie,2015-2016,Nu,Nu,Nu,Nu,Nu,Nu,Nu,Nu,Experimentat,Neevaluat,Calificativ,Avansat,Promovat,Neevaluat,Promovat,Promovat,B1,B1,B2,B2,B2,8.15,,9.5,9.5,Nu,,Nu,,Nu,,Nu,,59,Promovat,9.05
407649,F,Științe Sociale,Uman,Teoretica,Zi,RURAL,2161100876,210539881.0,a XII-a G,Limba română (UMAN),,Limba engleză,Istorie,Geografie,2015-2016,Nu,Nu,Nu,Nu,Nu,Nu,Nu,Nu,Experimentat,Neevaluat,Calificativ,Avansat,Promovat,Neevaluat,Promovat,Promovat,-,A1,A2,B1,B1,5.8,,8.2,9.3,Nu,,Nu,,Nu,,Nu,,62,Promovat,7.76
407696,F,Științe Sociale,Uman,Teoretica,Zi,URBAN,2161100876,210539881.0,a XII-a G,Limba română (UMAN),,Limba engleză,Istorie,Geografie,2015-2016,Nu,Nu,Nu,Nu,Nu,Nu,Nu,Nu,Experimentat,Neevaluat,Calificativ,Avansat,Promovat,Neevaluat,Promovat,Promovat,B2,B1,B2,B2,B2,8.8,,8.8,10.0,Nu,,Nu,,Nu,,Nu,,62,Promovat,9.2
407717,M,Științe Sociale,Uman,Teoretica,Zi,URBAN,2161100876,210539881.0,a XII-a G,Limba română (UMAN),,Limba engleză,Istorie,Geografie,2015-2016,Nu,Nu,Nu,Nu,Nu,Nu,Nu,Nu,Avansat,Neevaluat,Calificativ,Avansat,Promovat,Neevaluat,Promovat,Promovat,B2,A2,B1,B2,B2,5.85,,9.25,8.6,Nu,,Nu,,Nu,,Nu,,62,Promovat,7.9
407721,F,Științe Sociale,Uman,Teoretica,Zi,URBAN,2161100876,210539881.0,a XII-a G,Limba română (UMAN),,Limba engleză,Istorie,"Logică, argumentare și comunicare",2015-2016,Nu,Nu,Da,Nu,Nu,Nu,Nu,Nu,Avansat,Neevaluat,Certificat,Mediu,Promovat,Neevaluat,Promovat,Promovat,Neevaluat,Neevaluat,Neevaluat,Neevaluat,Neevaluat,8.75,,8.4,9.5,Nu,,Nu,,Da,8.9,Da,9.5,52,Promovat,9.05
407813,F,Științe Sociale,Uman,Teoretica,Zi,RURAL,2161100876,210539881.0,a XII-a G,Limba română (UMAN),,Limba franceză,Istorie,Sociologie,2015-2016,Nu,Nu,Nu,Nu,Nu,Nu,Nu,Nu,Experimentat,Neevaluat,Calificativ,Mediu,Promovat,Neevaluat,Promovat,Promovat,A2,B2,A2,B1,B1,7.7,,9.1,9.4,Da,7.4,Nu,,Nu,,Nu,,31,Promovat,8.73
427879,F,Matematica-Informatica,Real,Teoretica,Zi,URBAN,2161100876,210539881.0,a XII-a B,Limba română (REAL),,Limba engleză,Matematică MATE-INFO,"Anatomie și fiziologie umană, genetică și ecologie umană",2015-2016,Nu,Nu,Nu,Nu,Nu,Nu,Nu,Nu,Experimentat,Neevaluat,Calificativ,Avansat,Promovat,Neevaluat,Promovat,Promovat,B1,B2,B2,B2,B2,8.2,,9.45,9.5,Nu,,Nu,,Nu,,Nu,,64,Promovat,9.05
407907,F,Științe ale Naturii,Real,Teoretica,Zi,RURAL,2161100876,210539881.0,a XII-a E,Limba română (REAL),,Limba engleză,Matematică ST-NAT,Biologie vegetală și animală,2015-2016,Nu,Nu,Nu,Nu,Nu,Nu,Nu,Nu,Experimentat,Neevaluat,Calificativ,Experimentat,Promovat,Neevaluat,Promovat,Promovat,B2,B1,B1,B2,B2,8.25,,9.7,9.25,Da,8.45,Nu,,Nu,,Nu,,82,Promovat,9.06
407915,F,Științe ale Naturii,Real,Teoretica,Zi,URBAN,2161100876,210539881.0,a XII-a E,Limba română (REAL),,Limba engleză,Matematică ST-NAT,Chimie organică TEO Nivel I/II,2015-2016,Nu,Nu,Nu,Nu,Nu,Nu,Nu,Nu,Experimentat,Neevaluat,Calificativ,Avansat,Promovat,Neevaluat,Promovat,Promovat,B2,A2,B2,B2,B2,5.85,,10.8,6.0,Nu,,Nu,,Nu,,Nu,,72,Promovat,8.15
407917,F,Științe ale Naturii,Real,Teoretica,Zi,URBAN,2161100876,210539881.0,a XII-a E,Limba română (REAL),,Limba engleză,Matematică ST-NAT,"Anatomie și fiziologie umană, genetică și ecologie umană",2015-2016,Nu,Nu,Nu,Nu,Nu,Nu,Nu,Nu,Experimentat,Neevaluat,Calificativ,Experimentat,Promovat,Neevaluat,Promovat,Promovat,B2,B1,B2,B2,B2,7.9,,8.7,8.45,Nu,,Nu,,Nu,,Nu,,75,Promovat,8.35
407922,F,Științe ale Naturii,Real,Teoretica,Zi,URBAN,2161100876,210539881.0,a XII-a E,Limba română (REAL),,Limba engleză,Matematică ST-NAT,Chimie organică TEO Nivel I/II,2015-2016,Nu,Nu,Nu,Nu,Nu,Nu,Nu,Nu,Experimentat,Neevaluat,Calificativ,Mediu,Promovat,Neevaluat,Promovat,Promovat,B2,A2,B1,B2,B2,5.5,,7.9,9.05,Nu,,Nu,,Nu,,Nu,,39,Promovat,7.48
407925,F,Științe ale Naturii,Real,Teoretica,Zi,RURAL,2161100876,210539881.0,a XII-a E,Limba română (REAL),,Limba engleză,Matematică ST-NAT,Fizică TEO,2015-2016,Nu,Nu,Nu,Nu,Nu,Nu,Nu,Nu,Experimentat,Neevaluat,Calificativ,Experimentat,Promovat,Neevaluat,Promovat,Promovat,B1,A2,B2,B2,B2,8.1,,10.9,3.0,Nu,,Nu,,Nu,,Nu,,80,Promovat,9.13
407926,F,Științe ale Naturii,Real,Teoretica,Zi,RURAL,2161100876,210539881.0,a XII-a E,Limba română (REAL),,Limba engleză,Matematică ST-NAT,Fizică TEO,2015-2016,Nu,Nu,Nu,Nu,Nu,Nu,Nu,Nu,Experimentat,Neevaluat,Calificativ,Avansat,Promovat,Neevaluat,Promovat,Promovat,A2,A2,B1,B1,B1,8.15,,9.55,7.75,Nu,,Nu,,Nu,,Nu,,65,Promovat,8.48
407929,M,Științe ale Naturii,Real,Teoretica,Zi,URBAN,2161100876,210539881.0,a XII-a E,Limba română (REAL),,Limba engleză,Matematică ST-NAT,Fizică TEO,2015-2016,Nu,Nu,Nu,Nu,Nu,Nu,Nu,Nu,Experimentat,Neevaluat,Calificativ,Avansat,Promovat,Neevaluat,Promovat,Promovat,B1,A2,B1,B1,B1,7.05,,9.15,8.1,Da,8,Nu,,Nu,,Nu,,62,Promovat,8.41
407930,M,Științe ale Naturii,Real,Teoretica,Zi,RURAL,2161100876,210539881.0,a XII-a E,Limba română (REAL),,Limba engleză,Matematică ST-NAT,"Anatomie și fiziologie umană, genetică și ecologie umană",2015-2016,Nu,Nu,Nu,Nu,Nu,Nu,Nu,Nu,Experimentat,Neevaluat,Calificativ,Experimentat,Promovat,Neevaluat,Promovat,Promovat,B1,A2,-,A2,A2,6.3,,8.15,9.3,Nu,,Nu,,Nu,,Nu,,76,Promovat,7.91
407931,M,Științe ale Naturii,Real,Teoretica,Zi,URBAN,2161100876,210539881.0,a XII-a E,Limba română (REAL),,Limba engleză,Matematică ST-NAT,"Anatomie și fiziologie umană, genetică și ecologie umană",2015-2016,Nu,Nu,Da,Da,Nu,Nu,Nu,Nu,Experimentat,Neevaluat,Certificat,Certificat,Promovat,Neevaluat,Promovat,Promovat,Neevaluat,Neevaluat,Neevaluat,Neevaluat,Neevaluat,8.25,,9.25,8.9,Nu,,Nu,,Nu,,Nu,,,Promovat,8.8
428335,F,Matematica-Informatica,Real,Teoretica,Zi,URBAN,2161100876,210539881.0,a XII-a B,Limba română (REAL),,Limba engleză,Matematică MATE-INFO,Chimie organică TEO Nivel I/II,2015-2016,Nu,Nu,Nu,Da,Nu,Nu,Nu,Nu,Experimentat,Neevaluat,Calificativ,Certificat,Promovat,Neevaluat,Promovat,Promovat,B2,B2,B2,B2,B2,7.4,,9.5,9.65,Da,8.15,Nu,,Nu,,Nu,,,Promovat,9.1
428557,F,Matematica-Informatica,Real,Teoretica,Zi,URBAN,2161100876,210539881.0,a XII-a B,Limba română (REAL),,Limba engleză,Matematică MATE-INFO,Fizică TEO,2015-2016,Nu,Nu,Da,Da,Nu,Nu,Nu,Nu,Experimentat,Neevaluat,Certificat,Certificat,Promovat,Neevaluat,Promovat,Promovat,Neevaluat,Neevaluat,Neevaluat,Neevaluat,Neevaluat,9.4,,9.65,9.1,Nu,,Nu,,Nu,,Nu,,,Promovat,9.38
428744,F,Matematica-Informatica,Real,Teoretica,Zi,URBAN,2161100876,210539881.0,a XII-a B,Limba română (REAL),,Limba engleză,Matematică MATE-INFO,Fizică TEO,2015-2016,Nu,Nu,Da,Da,Nu,Nu,Nu,Nu,Experimentat,Neevaluat,Certificat,Certificat,Promovat,Neevaluat,Promovat,Promovat,Neevaluat,Neevaluat,Neevaluat,Neevaluat,Neevaluat,9.0,,9.8,10.0,Nu,,Nu,,Nu,,Nu,,,Promovat,9.6
428039,M,Matematica-Informatica,Real,Teoretica,Zi,URBAN,2161100876,210539881.0,a XII-a B,Limba română (REAL),,Limba engleză,Matematică MATE-INFO,Fizică TEO,2015-2016,Nu,Nu,Da,Nu,Nu,Nu,Nu,Nu,Experimentat,Neevaluat,Certificat,Experimentat,Promovat,Neevaluat,Promovat,Promovat,Neevaluat,Neevaluat,Neevaluat,Neevaluat,Neevaluat,9.15,,9.7,9.1,Da,8.8,Nu,,Nu,,Nu,,77,Promovat,9.31
407643,F,Științe Sociale,Uman,Teoretica,Zi,RURAL,2161100876,210539881.0,a XII-a G,Limba română (UMAN),,Limba engleză,Istorie,Geografie,2015-2016,Nu,Nu,Nu,Nu,Nu,Nu,Nu,Nu,Experimentat,Neevaluat,Calificativ,Avansat,Promovat,Neevaluat,Promovat,Promovat,A2,A2,A2,B1,B1,5.85,,8.15,8.2,Nu,,Nu,,Nu,,Nu,,56,Promovat,7.4
407680,F,Științe Sociale,Uman,Teoretica,Zi,URBAN,2161100876,210539881.0,a XII-a G,Limba română (UMAN),,Limba engleză,Istorie,"Logică, argumentare și comunicare",2015-2016,Nu,Nu,Nu,Nu,Nu,Nu,Nu,Nu,Experimentat,Neevaluat,Calificativ,Avansat,Promovat,Neevaluat,Promovat,Promovat,B1,A1,B1,B2,B2,7.4,,9.35,8.9,Da,7.9,Nu,,Nu,,Nu,,68,Promovat,8.71
407685,F,Științe Sociale,Uman,Teoretica,Zi,RURAL,2161100876,210539881.0,a XII-a G,Limba română (UMAN),,Limba engleză,Istorie,"Logică, argumentare și comunicare",2015-2016,Nu,Nu,Nu,Nu,Nu,Nu,Nu,Nu,Experimentat,Neevaluat,Calificativ,Avansat,Promovat,Neevaluat,Promovat,Promovat,B2,A2,A2,B1,B1,7.6,,8.7,10.0,Nu,,Nu,,Nu,,Nu,,56,Promovat,8.76
407709,F,Științe Sociale,Uman,Teoretica,Zi,RURAL,2161100876,210539881.0,a XII-a G,Limba română (UMAN),,Limba engleză,Istorie,Geografie,2015-2016,Nu,Nu,Nu,Nu,Nu,Nu,Nu,Nu,Experimentat,Neevaluat,Calificativ,Avansat,Promovat,Neevaluat,Promovat,Promovat,A2,A2,B1,B1,B1,6.95,,7.8,9.8,Nu,,Nu,,Nu,,Nu,,63,Promovat,8.18
407713,M,Științe Sociale,Uman,Teoretica,Zi,URBAN,2161100876,210539881.0,a XII-a G,Limba română (UMAN),,Limba engleză,Istorie,Sociologie,2015-2016,Nu,Nu,Nu,Nu,Nu,Nu,Nu,Nu,Experimentat,Neevaluat,Calificativ,Experimentat,Promovat,Neevaluat,Promovat,Promovat,B2,B1,B2,B2,B2,8.25,,9.25,9.5,Nu,,Nu,,Nu,,Nu,,75,Promovat,9.0
407810,F,Științe Sociale,Uman,Teoretica,Zi,URBAN,2161100876,210539881.0,a XII-a G,Limba română (UMAN),,Limba engleză,Istorie,Geografie,2015-2016,Nu,Nu,Nu,Nu,Nu,Nu,Nu,Nu,Experimentat,Neevaluat,Calificativ,Avansat,Promovat,Neevaluat,Promovat,Promovat,B1,B1,B2,B1,B1,8.25,,8.1,8.5,Nu,,Nu,,Nu,,Nu,,63,Promovat,8.28
407811,F,Științe Sociale,Uman,Teoretica,Zi,RURAL,2161100876,210539881.0,a XII-a G,Limba română (UMAN),,Limba engleză,Istorie,Geografie,2015-2016,Nu,Nu,Nu,Nu,Nu,Nu,Nu,Nu,Experimentat,Neevaluat,Calificativ,Avansat,Promovat,Neevaluat,Promovat,Promovat,B1,A2,B1,B1,B1,7.75,,9.95,9.1,Da,7.65,Nu,,Nu,,Nu,,72,Promovat,8.93
407409,M,Științe Sociale,Uman,Teoretica,Zi,URBAN,2161100876,210539881.0,a XII-a G,Limba română (UMAN),,Limba engleză,Istorie,"Logică, argumentare și comunicare",2015-2016,Nu,Nu,Nu,Nu,Nu,Nu,Nu,Nu,Experimentat,Neevaluat,Calificativ,Mediu,Promovat,Neevaluat,Promovat,Promovat,B2,A2,B1,B1,B1,6.85,,7.65,9.4,Nu,,Nu,,Nu,,Nu,,50,Promovat,7.96
407451,F,Științe Sociale,Uman,Teoretica,Zi,URBAN,2161100876,210539881.0,a XII-a G,Limba română (UMAN),,Limba engleză,Istorie,Economie,2015-2016,Nu,Nu,Nu,Nu,Nu,Nu,Nu,Nu,Experimentat,Neevaluat,Calificativ,Avansat,Promovat,Neevaluat,Promovat,Promovat,B1,A2,A2,A2,A2,7.25,,7.3,7.1,Da,7.05,Nu,,Da,7.5,Da,7.5,60,Promovat,7.21
407464,F,Științe Sociale,Uman,Teoretica,Zi,URBAN,2161100876,210539881.0,a XII-a G,Limba română (UMAN),,Limba engleză,Istorie,Geografie,2015-2016,Nu,Nu,Nu,Nu,Nu,Nu,Nu,Nu,Experimentat,Neevaluat,Calificativ,Avansat,Promovat,Neevaluat,Promovat,Promovat,B2,B2,B2,B2,B2,7.9,,9.05,9.4,Da,7.9,Nu,,Nu,,Nu,,68,Promovat,8.78
407516,M,Științe Sociale,Uman,Teoretica,Zi,RURAL,2161100876,210539881.0,a XII-a G,Limba română (UMAN),,Limba engleză,Istorie,Geografie,2015-2016,Nu,Nu,Nu,Nu,Nu,Nu,Nu,Nu,Experimentat,Neevaluat,Calificativ,Mediu,Promovat,Neevaluat,Promovat,Promovat,B2,B1,-,A1,A1,5.4,,8.15,9.05,Da,6.05,Nu,,Nu,,Nu,,44,Promovat,7.75
407546,M,Științe Sociale,Uman,Teoretica,Zi,URBAN,2161100876,210539881.0,a XII-a G,Limba română (UMAN),,Limba engleză,Istorie,"Logică, argumentare și comunicare",2015-2016,Nu,Nu,Nu,Nu,Nu,Nu,Nu,Nu,Avansat,Neevaluat,Calificativ,Experimentat,Promovat,Neevaluat,Promovat,Promovat,B2,B1,B2,B2,B2,9.05,,9.35,9.9,Nu,,Nu,,Nu,,Nu,,80,Promovat,9.43
407597,F,Științe Sociale,Uman,Teoretica,Zi,RURAL,2161100876,210539881.0,a XII-a G,Limba română (UMAN),,Limba franceză,Istorie,Sociologie,2015-2016,Nu,Nu,Nu,Nu,Nu,Nu,Nu,Nu,Experimentat,Neevaluat,Calificativ,Mediu,Promovat,Neevaluat,Promovat,Promovat,A2,B1,B2,B1,B1,9.1,,9.3,9.6,Nu,,Nu,,Nu,,Nu,,47,Promovat,9.33
407626,M,Științe Sociale,Uman,Teoretica,Zi,URBAN,2161100876,210539881.0,a XII-a G,Limba română (UMAN),,Limba engleză,Istorie,Psihologie,2015-2016,Nu,Nu,Nu,Nu,Nu,Nu,Nu,Nu,Experimentat,Neevaluat,Calificativ,Experimentat,Promovat,Neevaluat,Promovat,Promovat,B2,A2,B2,B2,B2,6.9,,7.95,8.5,Da,6.95,Nu,,Nu,,Da,8.6,75,Promovat,7.78
488051,M,Tehnician în activități economice,Servicii,Tehnologica,Zi,URBAN,2161100876,210539881.0,a XIII-a FRECVENTA REDUSA,Limba română (REAL),,Limba engleză,Matematică TEHN,Geografie,2010-2011,Da,Nu,Da,Da,Nu,Nu,Da,Da,Avansat,Neevaluat,Calificativ,Experimentat,Promovat,Neevaluat,Promovat,Promovat,B1,B2,A2,B1,B1,5.6,,6.65,8.5,Nu,,Nu,,Nu,,Nu,,,Promovat,6.91
446841,F,Matematica-Informatica,Real,Teoretica,Zi,URBAN,2161100876,210539881.0,a XII-a A,Limba română (REAL),,Limba engleză,Matematică MATE-INFO,Biologie vegetală și animală,2015-2016,Nu,Nu,Nu,Nu,Nu,Nu,Nu,Nu,Experimentat,Neevaluat,Calificativ,Mediu,Promovat,Neevaluat,Promovat,Promovat,B1,A1,A1,B1,B1,6.55,,6.5,6.7,Nu,,Nu,,Nu,,Nu,,51,Promovat,6.58
447542,F,Matematica-Informatica,Real,Teoretica,Zi,URBAN,2161100876,210539881.0,a XII-a A,Limba română (REAL),,Limba engleză,Matematică MATE-INFO,Fizică TEO,2015-2016,Nu,Nu,Da,Nu,Nu,Nu,Nu,Nu,Experimentat,Neevaluat,Certificat,Experimentat,Promovat,Neevaluat,Promovat,Promovat,Neevaluat,Neevaluat,Neevaluat,Neevaluat,Neevaluat,8.75,,9.95,10.0,Nu,,Nu,,Nu,,Nu,,77,Promovat,9.56
447969,M,Matematica-Informatica,Real,Teoretica,Zi,URBAN,2161100876,210539881.0,a XII-a A,Limba română (REAL),,Limba engleză,Matematică MATE-INFO,Fizică TEO,2015-2016,Nu,Nu,Nu,Nu,Nu,Nu,Nu,Nu,Experimentat,Neevaluat,Calificativ,Avansat,Promovat,Neevaluat,Promovat,Promovat,B2,B2,B1,B2,B2,9.4,,9.8,9.75,Nu,,Nu,,Nu,,Nu,,70,Promovat,9.65
448815,M,Matematica-Informatica,Real,Teoretica,Zi,URBAN,2161100876,210539881.0,a XII-a D,Limba română (REAL),,Limba engleză,Matematică MATE-INFO,"Anatomie și fiziologie umană, genetică și ecologie umană",2015-2016,Nu,Nu,Nu,Nu,Nu,Nu,Nu,Nu,Experimentat,Neevaluat,Calificativ,Avansat,Promovat,Neevaluat,Promovat,Promovat,B1,A2,A2,A2,A2,7.35,,6.55,9.35,Da,7.9,Nu,,Nu,,Nu,,67,Promovat,7.93
450122,M,Matematica-Informatica,Real,Teoretica,Zi,RURAL,2161100876,210539881.0,a XII-a D,Limba română (REAL),,Limba engleză,Matematică MATE-INFO,"Anatomie și fiziologie umană, genetică și ecologie umană",2015-2016,Nu,Nu,Nu,Nu,Nu,Nu,Nu,Nu,Experimentat,Neevaluat,Calificativ,Mediu,Promovat,Neevaluat,Promovat,Promovat,A2,A2,A2,A1,A1,7.5,,9.65,7.25,Nu,,Nu,,Nu,,Nu,,50,Promovat,8.13
462485,F,Matematica-Informatica,Real,Teoretica,Zi,URBAN,2161100876,210539881.0,a XII-a C,Limba română (REAL),,Limba engleză,Matematică MATE-INFO,Fizică TEO,2015-2016,Nu,Nu,Nu,Da,Nu,Nu,Nu,Nu,Experimentat,Neevaluat,Calificativ,Certificat,Promovat,Neevaluat,Promovat,Promovat,B2,B2,B2,B2,B2,9.2,,9.5,9.05,Nu,,Nu,,Nu,,Nu,,,Promovat,9.25
469886,M,Matematica-Informatica,Real,Teoretica,Zi,URBAN,2161100876,210539881.0,a XII-a C,Limba română (REAL),,Limba engleză,Matematică MATE-INFO,"Anatomie și fiziologie umană, genetică și ecologie umană",2015-2016,Nu,Nu,Nu,Nu,Nu,Nu,Nu,Nu,Experimentat,Neevaluat,Calificativ,Experimentat,Promovat,Neevaluat,Promovat,Promovat,B1,B1,B1,B2,B2,8.35,,7.2,8.1,Nu,,Nu,,Nu,,Nu,,81,Promovat,7.88
469898,F,Matematica-Informatica,Real,Teoretica,Zi,URBAN,2161100876,210539881.0,a XII-a C,Limba română (REAL),,Limba engleză,Matematică MATE-INFO,Fizică TEO,2015-2016,Nu,Nu,Nu,Nu,Nu,Nu,Nu,Nu,Experimentat,Neevaluat,Calificativ,Experimentat,Promovat,Neevaluat,Promovat,Promovat,B1,A2,A2,B1,B1,8.5,,9.8,8.65,Nu,,Nu,,Nu,,Nu,,86,Promovat,8.98
469914,F,Matematica-Informatica,Real,Teoretica,Zi,URBAN,2161100876,210539881.0,a XII-a C,Limba română (REAL),,Limba engleză,Matematică MATE-INFO,"Anatomie și fiziologie umană, genetică și ecologie umană",2015-2016,Nu,Nu,Nu,Nu,Nu,Nu,Nu,Nu,Experimentat,Neevaluat,Calificativ,Experimentat,Promovat,Neevaluat,Promovat,Promovat,A2,A2,B2,B2,B2,7.45,,6.35,9.15,Nu,,Nu,,Nu,,Nu,,75,Promovat,7.65
469950,F,Matematica-Informatica,Real,Teoretica,Zi,URBAN,2161100876,210539881.0,a XII-a C,Limba română (REAL),,Limba engleză,Matematică MATE-INFO,Chimie organică TEO Nivel I/II,2015-2016,Nu,Nu,Nu,Da,Nu,Nu,Nu,Nu,Experimentat,Neevaluat,Calificativ,Certificat,Promovat,Neevaluat,Promovat,Promovat,B2,B1,B2,B2,B2,7.2,,8.4,7.35,Da,7.7,Nu,,Nu,,Da,7.95,,Promovat,8.01
469968,F,Matematica-Informatica,Real,Teoretica,Zi,RURAL,2161100876,210539881.0,a XII-a C,Limba română (REAL),,Limba engleză,Matematică MATE-INFO,"Anatomie și fiziologie umană, genetică și ecologie umană",2015-2016,Nu,Nu,Nu,Da,Nu,Nu,Nu,Nu,Experimentat,Neevaluat,Calificativ,Certificat,Promovat,Neevaluat,Promovat,Promovat,B2,B1,B1,B2,B2,8.45,,9.65,9.25,Nu,,Nu,,Nu,,Nu,,,Promovat,9.11
469988,F,Matematica-Informatica,Real,Teoretica,Zi,URBAN,2161100876,210539881.0,a XII-a C,Limba română (REAL),,Limba engleză,Matematică MATE-INFO,Informatică MI C/C++,2015-2016,Nu,Nu,Nu,Da,Nu,Nu,Nu,Nu,Experimentat,Neevaluat,Calificativ,Certificat,Promovat,Neevaluat,Promovat,Promovat,B2,A2,B2,B1,B1,6.6,,6.85,8.0,Nu,,Nu,,Nu,,Nu,,,Promovat,7.15
469996,F,Matematica-Informatica,Real,Teoretica,Zi,URBAN,2161100876,210539881.0,a XII-a C,Limba română (REAL),,Limba engleză,Matematică MATE-INFO,"Anatomie și fiziologie umană, genetică și ecologie umană",2015-2016,Nu,Nu,Nu,Da,Nu,Nu,Nu,Nu,Experimentat,Neevaluat,Calificativ,Certificat,Promovat,Neevaluat,Promovat,Promovat,A2,A2,A1,A1,A1,8.0,,9.6,8.5,Da,8.6,Nu,,Nu,,Nu,,,Promovat,8.9
470130,M,Matematica-Informatica,Real,Teoretica,Zi,RURAL,2161100876,210539881.0,a XII-a C,Limba română (REAL),,Limba engleză,Matematică MATE-INFO,"Anatomie și fiziologie umană, genetică și ecologie umană",2015-2016,Nu,Nu,Nu,Nu,Nu,Nu,Nu,Nu,Experimentat,Neevaluat,Calificativ,Avansat,Promovat,Neevaluat,Promovat,Promovat,B1,A2,A1,A1,A1,6.2,,8.55,9.2,Nu,,Nu,,Nu,,Nu,,56,Promovat,7.98
470136,M,Matematica-Informatica,Real,Teoretica,Zi,URBAN,2161100876,210539881.0,a XII-a C,Limba română (REAL),,Limba engleză,Matematică MATE-INFO,Fizică TEO,2015-2016,Nu,Nu,Nu,Nu,Nu,Nu,Nu,Nu,Experimentat,Neevaluat,Calificativ,Experimentat,Promovat,Neevaluat,Promovat,Promovat,B2,B1,B1,B2,B2,8.3,,9.9,8.85,Nu,,Nu,,Nu,,Nu,,86,Promovat,9.01
448517,F,Matematica-Informatica,Real,Teoretica,Zi,URBAN,2161100876,210539881.0,a XII-a D,Limba română (REAL),,Limba engleză,Matematică MATE-INFO,Fizică TEO,2015-2016,Nu,Nu,Nu,Nu,Nu,Nu,Nu,Nu,Experimentat,Neevaluat,Calificativ,Avansat,Promovat,Neevaluat,Promovat,Promovat,B1,A2,B1,B1,B1,6.85,,9.55,8.85,Da,6,Nu,,Nu,,Nu,,70,Promovat,8.13
448609,M,Matematica-Informatica,Real,Teoretica,Zi,URBAN,2161100876,210539881.0,a XII-a D,Limba română (REAL),,Limba engleză,Matematică MATE-INFO,Fizică TEO,2015-2016,Nu,Nu,Nu,Nu,Nu,Nu,Nu,Nu,Experimentat,Neevaluat,Calificativ,Experimentat,Promovat,Neevaluat,Promovat,Promovat,B2,A2,B1,B2,B2,5.45,,8.7,6.9,Nu,,Nu,,Nu,,Nu,,76,Promovat,7.01
448668,F,Matematica-Informatica,Real,Teoretica,Zi,URBAN,2161100876,210539881.0,a XII-a D,Limba română (REAL),,Limba engleză,Matematică MATE-INFO,"Anatomie și fiziologie umană, genetică și ecologie umană",2015-2016,Nu,Nu,Nu,Nu,Nu,Nu,Nu,Nu,Experimentat,Neevaluat,Calificativ,Avansat,Promovat,Neevaluat,Promovat,Promovat,B1,B1,B2,B2,B2,7.6,,6.4,8.9,Nu,,Nu,,Nu,,Nu,,56,Promovat,7.63
446557,M,Matematica-Informatica,Real,Teoretica,Zi,URBAN,2161100876,210539881.0,a XII-a A,Limba română (REAL),,Limba engleză,Matematică MATE-INFO,Biologie vegetală și animală,2015-2016,Nu,Nu,Nu,Nu,Nu,Nu,Nu,Nu,Experimentat,Neevaluat,Calificativ,Experimentat,Promovat,Neevaluat,Promovat,Promovat,B2,B2,B2,B2,B2,5.85,,9.05,9.05,Nu,,Nu,,Nu,,Nu,,75,Promovat,7.98
446939,F,Matematica-Informatica,Real,Teoretica,Zi,RURAL,2161100876,210539881.0,a XII-a A,Limba română (REAL),,Limba engleză,Matematică MATE-INFO,Chimie organică TEO Nivel I/II,2015-2016,Nu,Nu,Nu,Nu,Nu,Nu,Nu,Nu,Experimentat,Neevaluat,Calificativ,Experimentat,Promovat,Neevaluat,Promovat,Promovat,B2,B1,B2,B2,B2,9.6,,9.75,9.75,Nu,,Nu,,Nu,,Nu,,75,Promovat,9.7
447685,M,Matematica-Informatica,Real,Teoretica,Zi,URBAN,2161100876,210539881.0,a XII-a A,Limba română (REAL),,Limba engleză,Matematică MATE-INFO,Fizică TEO,2015-2016,Nu,Nu,Nu,Nu,Nu,Nu,Nu,Nu,Experimentat,Neevaluat,Calificativ,Experimentat,Promovat,Neevaluat,Promovat,Promovat,B1,B1,B2,B2,B2,8.5,,10.1,,,Nu,,Nu,,Nu,,75,Promovat,9.5,
448370,F,Matematica-Informatica,Real,Teoretica,Zi,RURAL,2161100876,210539881.0,a XII-a A,Limba română (REAL),,Limba engleză,Matematică MATE-INFO,Chimie organică TEO Nivel I/II,2015-2016,Nu,Nu,Nu,Nu,Nu,Nu,Nu,Nu,Experimentat,Neevaluat,Calificativ,Mediu,Promovat,Neevaluat,Promovat,Promovat,B2,A2,B1,B2,B2,8.75,,9.8,9.95,Nu,,Nu,,Nu,,Nu,,48,Promovat,9.5
448957,M,Matematica-Informatica,Real,Teoretica,Zi,URBAN,2161100876,210539881.0,a XII-a D,Limba română (REAL),,Limba engleză,Matematică MATE-INFO,Fizică TEO,2015-2016,Nu,Nu,Nu,Nu,Nu,Nu,Nu,Nu,Experimentat,Neevaluat,Calificativ,Avansat,Promovat,Neevaluat,Promovat,Promovat,B1,A2,A2,B1,B1,6.0,,9.65,9.3,Da,5.75,Nu,,Nu,,Nu,,69,Promovat,8.31
448999,M,Matematica-Informatica,Real,Teoretica,Zi,RURAL,2161100876,210539881.0,a XII-a D,Limba română (REAL),,Limba engleză,Matematică MATE-INFO,"Anatomie și fiziologie umană, genetică și ecologie umană",2015-2016,Nu,Nu,Nu,Nu,Nu,Nu,Nu,Nu,Experimentat,Neevaluat,Calificativ,Experimentat,Promovat,Neevaluat,Promovat,Promovat,B1,A2,B2,B2,B2,7.3,,8.4,7.95,Da,8.7,Nu,,Nu,,Nu,,78,Promovat,8.35
449385,F,Matematica-Informatica,Real,Teoretica,Zi,URBAN,2161100876,210539881.0,a XII-a D,Limba română (REAL),,Limba engleză,Matematică MATE-INFO,Fizică TEO,2015-2016,Nu,Nu,Nu,Nu,Nu,Nu,Nu,Nu,Experimentat,Neevaluat,Calificativ,Mediu,Promovat,Neevaluat,Promovat,Promovat,B2,A2,A2,A2,A2,6.15,,8.75,7.65,Da,7.4,Nu,,Nu,,Nu,,55,Promovat,7.93
448906,F,Matematica-Informatica,Real,Teoretica,Zi,RURAL,2161100876,210539881.0,a XII-a D,Limba română (REAL),,Limba engleză,Matematică MATE-INFO,"Anatomie și fiziologie umană, genetică și ecologie umană",2015-2016,Nu,Nu,Nu,Nu,Nu,Nu,Nu,Nu,Experimentat,Neevaluat,Calificativ,Mediu,Promovat,Neevaluat,Promovat,Promovat,B2,A2,B1,B1,B1,5.1,,7.8,9.0,Nu,,Nu,,Nu,,Nu,,52,Promovat,7.3
449057,F,Matematica-Informatica,Real,Teoretica,Zi,RURAL,2161100876,210539881.0,a XII-a D,Limba română (REAL),,Limba engleză,Matematică MATE-INFO,"Anatomie și fiziologie umană, genetică și ecologie umană",2015-2016,Nu,Nu,Nu,Nu,Nu,Nu,Nu,Nu,Experimentat,Neevaluat,Calificativ,Mediu,Promovat,Neevaluat,Promovat,Promovat,B2,B1,B2,B2,B2,7.85,,8.65,8.6,Da,8.6,Nu,,Da,8.95,Nu,,42,Promovat,8.61
449576,M,Matematica-Informatica,Real,Teoretica,Zi,URBAN,2161100876,210539881.0,a XII-a D,Limba română (REAL),,Limba engleză,Matematică MATE-INFO,Fizică TEO,2015-2016,Nu,Nu,Da,Nu,Nu,Nu,Nu,Nu,Experimentat,Neevaluat,Certificat,Experimentat,Promovat,Neevaluat,Promovat,Promovat,Neevaluat,Neevaluat,Neevaluat,Neevaluat,Neevaluat,8.6,,9.1,9.4,Nu,,Nu,,Nu,,Nu,,86,Promovat,9.03
449757,M,Matematica-Informatica,Real,Teoretica,Zi,RURAL,2161100876,210539881.0,a XII-a D,Limba română (REAL),,Limba engleză,Matematică MATE-INFO,Fizică TEO,2015-2016,Nu,Nu,Nu,Nu,Nu,Nu,Nu,Nu,Experimentat,Neevaluat,Calificativ,Avansat,Promovat,Neevaluat,Promovat,Promovat,B2,B2,A2,B2,B2,8.5,,9.5,7.55,Nu,,Nu,,Nu,,Nu,,66,Promovat,8.51
449990,M,Matematica-Informatica,Real,Teoretica,Zi,URBAN,2161100876,210539881.0,a XII-a D,Limba română (REAL),,Limba engleză,Matematică MATE-INFO,Fizică TEO,2015-2016,Nu,Nu,Nu,Nu,Nu,Nu,Nu,Nu,Experimentat,Neevaluat,Calificativ,Mediu,Promovat,Neevaluat,Promovat,Promovat,B2,B1,B2,B2,B2,8.4,,9.4,8.6,Nu,,Nu,,Nu,,Nu,,50,Promovat,8.8
449103,M,Matematica-Informatica,Real,Teoretica,Zi,URBAN,2161100876,210539881.0,a XII-a D,Limba română (REAL),,Limba engleză,Matematică MATE-INFO,Fizică TEO,2015-2016,Nu,Nu,Nu,Nu,Nu,Nu,Nu,Nu,Experimentat,Neevaluat,Calificativ,Avansat,Promovat,Neevaluat,Promovat,Promovat,B2,B1,B2,B2,B2,7.3,,8.7,5.0,Nu,,Nu,,Nu,,Nu,,73,Promovat,7.0
449178,M,Matematica-Informatica,Real,Teoretica,Zi,URBAN,2161100876,210539881.0,a XII-a D,Limba română (REAL),,Limba engleză,Matematică MATE-INFO,Fizică TEO,2015-2016,Nu,Nu,Nu,Da,Nu,Nu,Nu,Nu,Experimentat,Neevaluat,Calificativ,Certificat,Promovat,Neevaluat,Promovat,Promovat,B2,B2,B2,B2,B2,8.05,,9.2,7.35,Da,7.65,Nu,,Nu,,Da,7.6,,Promovat,8.2
449244,M,Matematica-Informatica,Real,Teoretica,Zi,RURAL,2161100876,210539881.0,a XII-a D,Limba română (REAL),,Limba engleză,Matematică MATE-INFO,Fizică TEO,2015-2016,Nu,Nu,Nu,Nu,Nu,Nu,Nu,Nu,Experimentat,Neevaluat,Calificativ,Experimentat,Promovat,Neevaluat,Promovat,Promovat,B1,B1,B1,B2,B2,8.2,,9.5,9.6,Nu,,Nu,,Nu,,Nu,,86,Promovat,9.1
449322,F,Matematica-Informatica,Real,Teoretica,Zi,RURAL,2161100876,210539881.0,a XII-a D,Limba română (REAL),,Limba engleză,Matematică MATE-INFO,"Anatomie și fiziologie umană, genetică și ecologie umană",2015-2016,Nu,Nu,Nu,Nu,Nu,Nu,Nu,Nu,Experimentat,Neevaluat,Calificativ,Avansat,Promovat,Neevaluat,Promovat,Promovat,A2,A2,A1,A2,A2,8.8,,9.45,9.8,Nu,,Nu,,Nu,,Nu,,60,Promovat,9.35
451392,M,Matematica-Informatica,Real,Teoretica,Zi,URBAN,2161100876,210539881.0,a XII-a C,Limba română (REAL),,Limba engleză,Matematică MATE-INFO,Fizică TEO,2015-2016,Nu,Nu,Nu,Nu,Nu,Nu,Nu,Nu,Experimentat,Neevaluat,Calificativ,Experimentat,Promovat,Neevaluat,Promovat,Promovat,B2,B1,A2,B1,B1,6.3,,9.25,9.8,Da,7.9,Nu,,Nu,,Nu,,76,Promovat,8.98
450305,F,Matematica-Informatica,Real,Teoretica,Zi,URBAN,2161100876,210539881.0,a XII-a D,Limba română (REAL),,Limba engleză,Matematică MATE-INFO,"Anatomie și fiziologie umană, genetică și ecologie umană",2015-2016,Nu,Nu,Nu,Nu,Nu,Nu,Nu,Nu,Experimentat,Neevaluat,Calificativ,Mediu,Promovat,Neevaluat,Promovat,Promovat,A2,A2,A2,A2,A2,7.0,,8.45,8.5,Da,7.3,Nu,,Nu,,Da,8.45,54,Promovat,7.98
451346,M,Matematica-Informatica,Real,Teoretica,Zi,URBAN,2161100876,210539881.0,a XII-a C,Limba română (REAL),,Limba engleză,Matematică MATE-INFO,Fizică TEO,2015-2016,Nu,Nu,Nu,Nu,Nu,Nu,Nu,Nu,Experimentat,Neevaluat,Calificativ,Experimentat,Promovat,Neevaluat,Promovat,Promovat,B2,A2,B2,B1,B1,7.9,,8.7,7.2,Nu,,Nu,,Nu,,Nu,,77,Promovat,7.93
469893,M,Matematica-Informatica,Real,Teoretica,Zi,URBAN,2161100876,210539881.0,a XII-a C,Limba română (REAL),,Limba engleză,Matematică MATE-INFO,"Anatomie și fiziologie umană, genetică și ecologie umană",2015-2016,Nu,Nu,Nu,Nu,Nu,Nu,Nu,Nu,Experimentat,Neevaluat,Calificativ,Experimentat,Promovat,Neevaluat,Promovat,Promovat,B2,B2,B2,B2,B2,8.6,,7.25,9.3,Nu,,Nu,,Nu,,Nu,,80,Promovat,8.38
470103,M,Matematica-Informatica,Real,Teoretica,Zi,URBAN,2161100876,210539881.0,a XII-a C,Limba română (REAL),,Limba engleză,Matematică MATE-INFO,Fizică TEO,2015-2016,Nu,Nu,Da,Da,Nu,Nu,Nu,Nu,Experimentat,Neevaluat,Certificat,Certificat,Promovat,Neevaluat,Promovat,Promovat,Neevaluat,Neevaluat,Neevaluat,Neevaluat,Neevaluat,9.6,,9.5,10.0,Nu,,Nu,,Da,9.5,Nu,,,Promovat,9.7
450198,F,Matematica-Informatica,Real,Teoretica,Zi,URBAN,2161100876,210539881.0,a XII-a D,Limba română (REAL),,Limba engleză,Matematică MATE-INFO,"Anatomie și fiziologie umană, genetică și ecologie umană",2015-2016,Nu,Nu,Nu,Nu,Nu,Nu,Nu,Nu,Experimentat,Neevaluat,Calificativ,Avansat,Promovat,Neevaluat,Promovat,Promovat,B1,A2,A2,A1,A1,7.55,,9.05,8.05,Nu,,Nu,,Nu,,Nu,,57,Promovat,8.21
462327,M,Matematica-Informatica,Real,Teoretica,Zi,URBAN,2161100876,210539881.0,a XII-a C,Limba română (REAL),,Limba engleză,Matematică MATE-INFO,Fizică TEO,2015-2016,Nu,Nu,Nu,Nu,Nu,Nu,Nu,Nu,Experimentat,Neevaluat,Calificativ,Avansat,Promovat,Neevaluat,Promovat,Promovat,B2,B2,B2,B2,B2,7.95,,10.9,5.0,Da,8.15,Nu,,Nu,,Da,9.7,69,Promovat,9.21
446618,F,Matematica-Informatica,Real,Teoretica,Zi,RURAL,2161100876,210539881.0,a XII-a A,Limba română (REAL),,Limba engleză,Matematică MATE-INFO,Biologie vegetală și animală,2015-2016,Nu,Nu,Nu,Nu,Nu,Nu,Nu,Nu,Experimentat,Neevaluat,Calificativ,Avansat,Promovat,Neevaluat,Promovat,Promovat,B2,B2,B1,B2,B2,7.3,,9.55,9.3,Da,8.85,Nu,,Nu,,Nu,,69,Promovat,9.23
446727,M,Matematica-Informatica,Real,Teoretica,Zi,URBAN,2161100876,210539881.0,a XII-a A,Limba română (REAL),,Limba engleză,Matematică MATE-INFO,Fizică TEO,2015-2016,Nu,Nu,Nu,Nu,Nu,Nu,Nu,Nu,Experimentat,Neevaluat,Calificativ,Experimentat,Promovat,Neevaluat,Promovat,Promovat,B2,B2,B2,B2,B2,7.35,,9.35,7.65,Nu,,Nu,,Nu,,Nu,,82,Promovat,8.11
446449,F,Matematica-Informatica,Real,Teoretica,Zi,URBAN,2161100876,210539881.0,a XII-a A,Limba română (REAL),,Limba engleză,Matematică MATE-INFO,Chimie organică TEO Nivel I/II,2015-2016,Nu,Nu,Da,Nu,Nu,Nu,Nu,Nu,Experimentat,Neevaluat,Certificat,Avansat,Promovat,Neevaluat,Promovat,Promovat,Neevaluat,Neevaluat,Neevaluat,Neevaluat,Neevaluat,6.95,,9.3,9.85,Da,8.6,Nu,,Nu,,Nu,,60,Promovat,9.25
446509,F,Matematica-Informatica,Real,Teoretica,Zi,RURAL,2161100876,210539881.0,a XII-a A,Limba română (REAL),,Limba engleză,Matematică MATE-INFO,Fizică TEO,2015-2016,Nu,Nu,Nu,Nu,Nu,Nu,Nu,Nu,Experimentat,Neevaluat,Calificativ,Experimentat,Promovat,Neevaluat,Promovat,Promovat,B2,A2,B1,B2,B2,8.7,,9.65,9.6,Da,8.3,Nu,,Da,10,Nu,,98,Promovat,9.43
446886,F,Matematica-Informatica,Real,Teoretica,Zi,URBAN,2161100876,210539881.0,a XII-a A,Limba română (REAL),,Limba engleză,Matematică MATE-INFO,Fizică TEO,2015-2016,Nu,Nu,Nu,Nu,Nu,Nu,Nu,Nu,Experimentat,Neevaluat,Calificativ,Avansat,Promovat,Neevaluat,Promovat,Promovat,B2,A2,B1,B1,B1,9.0,,9.85,9.0,Nu,,Nu,,Nu,,Nu,,64,Promovat,9.28
447809,F,Matematica-Informatica,Real,Teoretica,Zi,RURAL,2161100876,210539881.0,a XII-a A,Limba română (REAL),,Limba engleză,Matematică MATE-INFO,Fizică TEO,2015-2016,Nu,Nu,Nu,Da,Nu,Nu,Nu,Nu,Experimentat,Neevaluat,Calificativ,Certificat,Promovat,Neevaluat,Promovat,Promovat,A2,A2,A1,A1,A1,5.1,,8.35,6.3,Nu,,Nu,,Nu,,Nu,,,Promovat,6.58
462183,F,Matematica-Informatica,Real,Teoretica,Zi,URBAN,2161100876,210539881.0,a XII-a C,Limba română (REAL),,Limba engleză,Matematică MATE-INFO,Chimie organică TEO Nivel I/II,2015-2016,Nu,Nu,Nu,Nu,Nu,Nu,Nu,Nu,Experimentat,Neevaluat,Calificativ,Mediu,Promovat,Neevaluat,Promovat,Promovat,B2,B1,B1,B2,B2,8.1,,6.1,8.25,Nu,,Nu,,Nu,,Nu,,55,Promovat,7.48
447370,M,Matematica-Informatica,Real,Teoretica,Zi,URBAN,2161100876,210539881.0,a XII-a A,Limba română (REAL),,Limba engleză,Matematică MATE-INFO,Fizică TEO,2015-2016,Nu,Nu,Da,Da,Nu,Nu,Nu,Nu,Experimentat,Neevaluat,Certificat,Certificat,Promovat,Neevaluat,Promovat,Promovat,Neevaluat,Neevaluat,Neevaluat,Neevaluat,Neevaluat,6.15,,9.65,8.8,Nu,,Nu,,Nu,,Nu,,,Promovat,8.2
448031,F,Matematica-Informatica,Real,Teoretica,Zi,URBAN,2161100876,210539881.0,a XII-a A,Limba română (REAL),,Limba engleză,Matematică MATE-INFO,Biologie vegetală și animală,2015-2016,Nu,Nu,Nu,Nu,Nu,Nu,Nu,Nu,Experimentat,Neevaluat,Calificativ,Avansat,Promovat,Neevaluat,Promovat,Promovat,B2,B2,B2,B2,B2,8.9,,9.5,9.05,Nu,,Nu,,Nu,,Nu,,73,Promovat,9.15
469920,M,Matematica-Informatica,Real,Teoretica,Zi,URBAN,2161100876,210539881.0,a XII-a C,Limba română (REAL),,Limba engleză,Matematică MATE-INFO,"Anatomie și fiziologie umană, genetică și ecologie umană",2015-2016,Nu,Nu,Nu,Da,Nu,Nu,Nu,Nu,Experimentat,Neevaluat,Calificativ,Certificat,Promovat,Neevaluat,Promovat,Promovat,B2,B2,B2,B2,B2,8.2,,8.6,75.0,Nu,,Nu,,Nu,,Nu,,,Promovat,7.65
469904,F,Matematica-Informatica,Real,Teoretica,Zi,URBAN,2161100876,210539881.0,a XII-a C,Limba română (REAL),,Limba engleză,Matematică MATE-INFO,Biologie vegetală și animală,2015-2016,Nu,Nu,Nu,Nu,Nu,Nu,Nu,Nu,Experimentat,Neevaluat,Calificativ,Avansat,Promovat,Neevaluat,Promovat,Promovat,B2,A2,A2,A2,A2,8.35,,7.45,9.1,Nu,,Nu,,Nu,,Nu,,58,Promovat,8.3
469925,F,Matematica-Informatica,Real,Teoretica,Zi,RURAL,2161100876,210539881.0,a XII-a C,Limba română (REAL),,Limba engleză,Matematică MATE-INFO,"Anatomie și fiziologie umană, genetică și ecologie umană",2015-2016,Nu,Nu,Nu,Nu,Nu,Nu,Nu,Nu,Experimentat,Neevaluat,Calificativ,Mediu,Promovat,Neevaluat,Promovat,Promovat,B1,A2,B2,B1,B1,8.6,,8.65,10.0,Nu,,Nu,,Nu,,Nu,,45,Promovat,9.08
469935,M,Matematica-Informatica,Real,Teoretica,Zi,RURAL,2161100876,210539881.0,a XII-a C,Limba română (REAL),,Limba engleză,Matematică MATE-INFO,Fizică TEO,2015-2016,Nu,Nu,Nu,Nu,Nu,Nu,Nu,Nu,Experimentat,Neevaluat,Calificativ,Experimentat,Promovat,Neevaluat,Promovat,Promovat,B1,B1,A1,A2,A2,8.1,,8.6,8.05,Nu,,Nu,,Nu,,Nu,,76,Promovat,8.25
469941,F,Matematica-Informatica,Real,Teoretica,Zi,RURAL,2161100876,210539881.0,a XII-a C,Limba română (REAL),,Limba engleză,Matematică MATE-INFO,"Anatomie și fiziologie umană, genetică și ecologie umană",2015-2016,Nu,Nu,Nu,Nu,Nu,Nu,Nu,Nu,Experimentat,Neevaluat,Calificativ,Avansat,Promovat,Neevaluat,Promovat,Promovat,B1,B1,B2,B2,B2,7.7,,9.3,9.35,Da,9.2,Nu,,Nu,,Nu,,58,Promovat,9.28
446775,F,Matematica-Informatica,Real,Teoretica,Zi,RURAL,2161100876,210539881.0,a XII-a A,Limba română (REAL),,Limba engleză,Matematică MATE-INFO,Informatică MI C/C++,2015-2016,Nu,Nu,Nu,Nu,Nu,Nu,Nu,Nu,Experimentat,Neevaluat,Calificativ,Avansat,Promovat,Neevaluat,Promovat,Promovat,A2,A1,A1,A1,A1,6.5,,9.7,9.15,Nu,,Nu,,Nu,,Nu,,60,Promovat,8.45
447210,M,Matematica-Informatica,Real,Teoretica,Zi,URBAN,2161100876,210539881.0,a XII-a A,Limba română (REAL),,Limba engleză,Matematică MATE-INFO,Fizică TEO,2015-2016,Nu,Nu,Nu,Nu,Nu,Nu,Nu,Nu,Experimentat,Neevaluat,Calificativ,Experimentat,Promovat,Neevaluat,Promovat,Promovat,B2,B1,B1,B2,B2,8.45,,9.65,9.8,Nu,,Nu,,Nu,,Nu,,77,Promovat,9.3
447265,M,Matematica-Informatica,Real,Teoretica,Zi,URBAN,2161100876,210539881.0,a XII-a A,Limba română (REAL),,Limba engleză,Matematică MATE-INFO,Fizică TEO,2015-2016,Nu,Nu,Nu,Nu,Nu,Nu,Nu,Nu,Experimentat,Neevaluat,Calificativ,Avansat,Promovat,Neevaluat,Promovat,Promovat,B2,A2,B2,B2,B2,8.15,,9.9,10.0,Da,9,Nu,,Da,10,Nu,,73,Promovat,9.66
447905,M,Matematica-Informatica,Real,Teoretica,Zi,URBAN,2161100876,210539881.0,a XII-a A,Limba română (REAL),,Limba engleză,Matematică MATE-INFO,Fizică TEO,2015-2016,Nu,Nu,Nu,Nu,Nu,Nu,Nu,Nu,Experimentat,Neevaluat,Calificativ,Avansat,Promovat,Neevaluat,Promovat,Promovat,B1,A2,B1,B1,B1,8.4,,9.75,9.2,Nu,,Nu,,Nu,,Nu,,62,Promovat,9.11
448193,F,Matematica-Informatica,Real,Teoretica,Zi,URBAN,2161100876,210539881.0,a XII-a A,Limba română (REAL),,Limba franceză,Matematică MATE-INFO,Chimie organică TEO Nivel I/II,2015-2016,Nu,Nu,Nu,Nu,Nu,Nu,Nu,Nu,Experimentat,Neevaluat,Calificativ,Avansat,Promovat,Neevaluat,Promovat,Promovat,B1,B2,B2,B2,B2,8.7,,9.1,9.85,Nu,,Nu,,Nu,,Nu,,70,Promovat,9.21
448434,M,Matematica-Informatica,Real,Teoretica,Zi,RURAL,2161100876,210539881.0,a XII-a A,Limba română (REAL),,Limba engleză,Matematică MATE-INFO,Fizică TEO,2015-2016,Nu,Nu,Nu,Nu,Nu,Nu,Nu,Nu,Experimentat,Neevaluat,Calificativ,Avansat,Promovat,Neevaluat,Promovat,Promovat,B2,B2,B1,B1,B1,8.8,,9.65,9.4,Nu,,Nu,,Nu,,Nu,,67,Promovat,9.28
163891,F,Matematica-Informatica,Real,Teoretica,Zi,URBAN,2161100876,210539881.0,a XII-a a XII-a,Limba română (REAL),,Limba engleză,Matematică MATE-INFO,"Anatomie și fiziologie umană, genetică și ecologie umană",2011-2012,Da,Nu,Da,Da,Da,Nu,Da,Nu,Mediu,Neevaluat,Calificativ,Mediu,Promovat,Neevaluat,Promovat,Promovat,A2,B1,A2,B1,B1,6.1,,5.5,9.0,Nu,,Nu,,Nu,,Da,6.2,,Nepromovat,5.66
407691,M,Științe Sociale,Uman,Teoretica,Zi,URBAN,2161100876,210539881.0,a XII-a G,Limba română (UMAN),,Limba engleză,Istorie,Geografie,2015-2016,Nu,Nu,Nu,Nu,Nu,Nu,Nu,Nu,Experimentat,Neevaluat,Absent,Avansat,Absent,Neevaluat,Absent,Absent,Neevaluat,Neevaluat,Neevaluat,Neevaluat,Neevaluat,-2.0,,-2.0,-2.0,Nu,,Nu,,Nu,,Nu,,57,Absent,
448295,F,Matematica-Informatica,Real,Teoretica,Zi,RURAL,2161100876,210539881.0,a XII-a A,Limba română (REAL),,Limba franceză,Matematică MATE-INFO,Biologie vegetală și animală,2015-2016,Nu,Nu,Da,Nu,Nu,Nu,Nu,Nu,Experimentat,Neevaluat,Certificat,Experimentat,Promovat,Neevaluat,Promovat,Promovat,Neevaluat,Neevaluat,Neevaluat,Neevaluat,Neevaluat,9.0,,9.75,10.0,Nu,,Nu,,Nu,,Nu,,75,Promovat,9.58
449915,M,Matematica-Informatica,Real,Teoretica,Zi,RURAL,2161100876,210539881.0,a XII-a D,Limba română (REAL),,Limba engleză,Matematică MATE-INFO,Fizică TEO,2015-2016,Nu,Nu,Nu,Nu,Nu,Nu,Nu,Nu,Experimentat,Neevaluat,Calificativ,Mediu,Promovat,Neevaluat,Promovat,Promovat,B1,A1,A2,A2,A2,8.2,,8.6,7.65,Nu,,Nu,,Nu,,Nu,,47,Promovat,8.15
469971,M,Matematica-Informatica,Real,Teoretica,Zi,URBAN,2161100876,210539881.0,a XII-a C,Limba română (REAL),,Limba engleză,Matematică MATE-INFO,"Anatomie și fiziologie umană, genetică și ecologie umană",2015-2016,Nu,Nu,Nu,Da,Nu,Nu,Nu,Nu,Experimentat,Neevaluat,Calificativ,Certificat,Promovat,Neevaluat,Promovat,Promovat,B2,B2,B2,B2,B2,8.6,,9.5,9.2,Nu,,Nu,,Nu,,Nu,,,Promovat,9.1
407927,F,Științe ale Naturii,Real,Teoretica,Zi,RURAL,2161100876,210539881.0,a XII-a E,Limba română (REAL),,Limba engleză,Matematică ST-NAT,"Anatomie și fiziologie umană, genetică și ecologie umană",2015-2016,Nu,Nu,Nu,Nu,Nu,Nu,Nu,Nu,Experimentat,Neevaluat,Calificativ,Avansat,Promovat,Neevaluat,Promovat,Promovat,A2,A2,A2,B1,B1,7.55,,8.25,8.95,Nu,,Nu,,Nu,,Nu,,65,Promovat,8.25
407937,F,Științe ale Naturii,Real,Teoretica,Zi,URBAN,2161100876,210539881.0,a XII-a E,Limba română (REAL),,Limba engleză,Matematică ST-NAT,Chimie organică TEO Nivel I/II,2015-2016,Nu,Nu,Nu,Nu,Nu,Nu,Nu,Nu,Experimentat,Neevaluat,Calificativ,Experimentat,Promovat,Neevaluat,Promovat,Promovat,B2,B1,B2,B2,B2,9.4,,10.9,95.0,Nu,,Nu,,Nu,,Nu,,82,Promovat,9.78
470121,M,Matematica-Informatica,Real,Teoretica,Zi,RURAL,2161100876,210539881.0,a XII-a C,Limba română (REAL),,Limba engleză,Matematică MATE-INFO,Fizică TEO,2015-2016,Nu,Nu,Nu,Nu,Nu,Nu,Nu,Nu,Experimentat,Neevaluat,Calificativ,Avansat,Promovat,Neevaluat,Promovat,Promovat,B2,B1,B2,B2,B2,7.65,,8.65,8.8,Nu,,Nu,,Nu,,Nu,,71,Promovat,8.36
450057,M,Matematica-Informatica,Real,Teoretica,Zi,RURAL,2161100876,210539881.0,a XII-a D,Limba română (REAL),,Limba engleză,Matematică MATE-INFO,Fizică TEO,2015-2016,Nu,Nu,Nu,Nu,Nu,Nu,Nu,Nu,Experimentat,Neevaluat,Calificativ,Mediu,Promovat,Neevaluat,Promovat,Promovat,B2,B2,B1,B1,B1,5.2,,9.7,9.25,Nu,,Nu,,Nu,,Nu,,55,Promovat,8.05
447624,F,Matematica-Informatica,Real,Teoretica,Zi,URBAN,2161100876,210539881.0,a XII-a A,Limba română (REAL),,Limba engleză,Matematică MATE-INFO,Fizică TEO,2015-2016,Nu,Nu,Nu,Nu,Nu,Nu,Nu,Nu,Experimentat,Neevaluat,Calificativ,Avansat,Promovat,Neevaluat,Promovat,Promovat,B2,B1,B2,B2,B2,8.85,,9.55,10.0,Nu,,Nu,,Nu,,Nu,,69,Promovat,9.46
451301,M,Matematica-Informatica,Real,Teoretica,Zi,RURAL,2161100876,210539881.0,a XII-a C,Limba română (REAL),,Limba engleză,Matematică MATE-INFO,Fizică TEO,2015-2016,Nu,Nu,Nu,Nu,Nu,Nu,Nu,Nu,Experimentat,Neevaluat,Calificativ,Experimentat,Promovat,Neevaluat,Promovat,Promovat,B2,A2,A2,A2,A2,6.75,,9.65,9.7,Nu,,Nu,,Nu,,Nu,,76,Promovat,8.7
407840,F,Filologie,Uman,Teoretica,Zi,URBAN,2161100876,210539881.0,a XII-a F,Limba română (UMAN),,Limba engleză,Istorie,"Logică, argumentare și comunicare",2015-2016,Nu,Nu,Da,Nu,Nu,Nu,Nu,Nu,Experimentat,Neevaluat,Certificat,Avansat,Promovat,Neevaluat,Promovat,Promovat,Neevaluat,Neevaluat,Neevaluat,Neevaluat,Neevaluat,9.1,,8.2,9.4,Nu,,Nu,,Da,9,Nu,,62,Promovat,9.16
33636,M,Filologie,Uman,Teoretica,Zi,RURAL,2161100876,210539881.0,a XII-a a XII-a F,Limba română (UMAN),,Limba franceză,Istorie,Geografie,2013-2014,Da,Nu,Da,Da,Da,Nu,Nu,Da,Avansat,Neevaluat,Calificativ,Incepator,Promovat,Neevaluat,Promovat,Promovat,B1,A2,-,A1,A1,5.0,,5.15,7.2,Nu,,Nu,,Nu,,Nu,,27,Nepromovat,5.78
407835,M,Filologie,Uman,Teoretica,Zi,URBAN,2161100876,210539881.0,a XII-a F,Limba română (UMAN),,Limba engleză,Istorie,"Logică, argumentare și comunicare",2015-2016,Nu,Nu,Da,Nu,Nu,Nu,Nu,Nu,Experimentat,Neevaluat,Certificat,Avansat,Promovat,Neevaluat,Promovat,Promovat,Neevaluat,Neevaluat,Neevaluat,Neevaluat,Neevaluat,8.9,,9.8,9.4,Nu,,Nu,,Nu,,Nu,,66,Promovat,9.36
407563,M,Științe Sociale,Uman,Teoretica,Zi,RURAL,2161100876,210539881.0,a XII-a G,Limba română (UMAN),,Limba engleză,Istorie,Geografie,2015-2016,Nu,Nu,Nu,Nu,Nu,Nu,Nu,Nu,Experimentat,Neevaluat,Calificativ,Avansat,Promovat,Neevaluat,Promovat,Promovat,B1,A2,A1,B1,B1,8.1,,8.8,9.45,Da,8,Nu,,Nu,,Nu,,63,Promovat,8.78
407860,F,Filologie,Uman,Teoretica,Zi,URBAN,2161100876,210539881.0,a XII-a F,Limba română (UMAN),,Limba engleză,Istorie,Geografie,2015-2016,Nu,Nu,Da,Da,Nu,Nu,Nu,Nu,Experimentat,Neevaluat,Certificat,Certificat,Promovat,Neevaluat,Promovat,Promovat,Neevaluat,Neevaluat,Neevaluat,Neevaluat,Neevaluat,9.7,,9.8,9.8,Nu,,Nu,,Nu,,Nu,,,Promovat,9.76
407928,F,Științe ale Naturii,Real,Teoretica,Zi,RURAL,2161100876,210539881.0,a XII-a E,Limba română (REAL),,Limba engleză,Matematică ST-NAT,Chimie organică TEO Nivel I/II,2015-2016,Nu,Nu,Nu,Nu,Nu,Nu,Nu,Nu,Experimentat,Neevaluat,Calificativ,Experimentat,Promovat,Neevaluat,Promovat,Promovat,A2,A2,B1,B1,B1,7.8,,9.9,5.0,Nu,,Nu,,Nu,,Nu,,75,Promovat,8.76
447304,M,Matematica-Informatica,Real,Teoretica,Zi,URBAN,2161100876,210539881.0,a XII-a A,Limba română (REAL),,Limba engleză,Matematică MATE-INFO,Fizică TEO,2015-2016,Nu,Nu,Nu,Nu,Nu,Nu,Nu,Nu,Experimentat,Neevaluat,Calificativ,Experimentat,Promovat,Neevaluat,Promovat,Promovat,B2,B2,B2,B2,B2,8.6,,9.8,10.0,Nu,,Nu,,Nu,,Nu,,79,Promovat,9.46
450476,M,Matematica-Informatica,Real,Teoretica,Zi,URBAN,2161100876,210539881.0,a XII-a D,Limba română (REAL),,Limba engleză,Matematică MATE-INFO,Fizică TEO,2015-2016,Nu,Nu,Nu,Nu,Nu,Nu,Nu,Nu,Experimentat,Neevaluat,Calificativ,Avansat,Promovat,Neevaluat,Promovat,Promovat,B1,B2,B1,A2,A2,5.1,,9.15,8.55,Nu,,Nu,,Nu,,Nu,,56,Promovat,7.6
446679,M,Matematica-Informatica,Real,Teoretica,Zi,URBAN,2161100876,210539881.0,a XII-a A,Limba română (REAL),,Limba engleză,Matematică MATE-INFO,Fizică TEO,2015-2016,Nu,Nu,Nu,Nu,Nu,Nu,Nu,Nu,Experimentat,Neevaluat,Calificativ,Avansat,Promovat,Neevaluat,Promovat,Promovat,B2,B1,A2,B1,B1,9.1,,8.5,8.0,Nu,,Nu,,Nu,,Nu,,69,Promovat,8.53
407881,F,Filologie,Uman,Teoretica,Zi,URBAN,2161100876,210539881.0,a XII-a F,Limba română (UMAN),,Limba engleză,Istorie,Geografie,2015-2016,Nu,Nu,Da,Nu,Nu,Nu,Nu,Nu,Experimentat,Neevaluat,Certificat,Experimentat,Promovat,Neevaluat,Promovat,Promovat,Neevaluat,Neevaluat,Neevaluat,Neevaluat,Neevaluat,9.4,,9.95,9.9,Nu,,Nu,,Nu,,Nu,,76,Promovat,9.75
426690,F,Matematica-Informatica,Real,Teoretica,Zi,URBAN,2161100876,210539881.0,a XII-a B,Limba română (REAL),,Limba engleză,Matematică MATE-INFO,Fizică TEO,2015-2016,Nu,Nu,Da,Da,Nu,Nu,Nu,Nu,Experimentat,Neevaluat,Certificat,Certificat,Promovat,Neevaluat,Promovat,Promovat,Neevaluat,Neevaluat,Neevaluat,Neevaluat,Neevaluat,9.8,,9.95,10.0,Nu,,Nu,,Nu,,Nu,,,Promovat,9.91
450395,M,Matematica-Informatica,Real,Teoretica,Zi,URBAN,2161100876,210539881.0,a XII-a D,Limba română (REAL),,Limba engleză,Matematică MATE-INFO,"Anatomie și fiziologie umană, genetică și ecologie umană",2015-2016,Nu,Nu,Nu,Nu,Nu,Nu,Nu,Nu,Experimentat,Neevaluat,Calificativ,Avansat,Promovat,Neevaluat,Promovat,Promovat,B2,A2,B2,B2,B2,6.2,,5.5,5.55,Da,6.45,Nu,,Nu,,Da,5.2,62,Nepromovat,5.75
407815,M,Științe Sociale,Uman,Teoretica,Zi,URBAN,2161100876,210539881.0,a XII-a G,Limba română (UMAN),,Limba engleză,Istorie,Economie,2015-2016,Nu,Nu,Nu,Nu,Nu,Nu,Nu,Nu,Experimentat,Neevaluat,Calificativ,Avansat,Promovat,Neevaluat,Promovat,Promovat,B2,B1,B2,B2,B2,6.8,,8.75,8.65,Da,6.9,Nu,,Nu,,Nu,,61,Promovat,8.06
428431,F,Matematica-Informatica,Real,Teoretica,Zi,URBAN,2161100876,210539881.0,a XII-a B,Limba română (REAL),,Limba engleză,Matematică MATE-INFO,"Anatomie și fiziologie umană, genetică și ecologie umană",2015-2016,Nu,Nu,Da,Nu,Nu,Nu,Nu,Nu,Experimentat,Neevaluat,Certificat,Experimentat,Promovat,Neevaluat,Promovat,Promovat,Neevaluat,Neevaluat,Neevaluat,Neevaluat,Neevaluat,8.8,,9.55,9.05,Da,8.45,Nu,,Nu,,Da,9.85,90,Promovat,9.4
447163,F,Matematica-Informatica,Real,Teoretica,Zi,URBAN,2161100876,210539881.0,a XII-a A,Limba română (REAL),,Limba engleză,Matematică MATE-INFO,Fizică TEO,2015-2016,Nu,Nu,Nu,Nu,Nu,Nu,Nu,Nu,Experimentat,Neevaluat,Calificativ,Experimentat,Promovat,Neevaluat,Promovat,Promovat,B1,B2,B1,B2,B2,9.6,,9.15,10.0,Nu,,Nu,,Da,9.4,Nu,,84,Promovat,9.58
469955,M,Matematica-Informatica,Real,Teoretica,Zi,RURAL,2161100876,210539881.0,a XII-a C,Limba română (REAL),,Limba engleză,Matematică MATE-INFO,Fizică TEO,2015-2016,Nu,Nu,Nu,Da,Nu,Nu,Nu,Nu,Experimentat,Neevaluat,Calificativ,Certificat,Promovat,Neevaluat,Promovat,Promovat,B2,A2,A2,B1,B1,8.75,,7.6,9.0,Nu,,Nu,,Nu,,Nu,,,Promovat,8.45
451177,F,Matematica-Informatica,Real,Teoretica,Zi,URBAN,2161100876,210539881.0,a XII-a C,Limba română (REAL),,Limba engleză,Matematică MATE-INFO,"Anatomie și fiziologie umană, genetică și ecologie umană",2015-2016,Nu,Nu,Da,Da,Nu,Nu,Nu,Nu,Experimentat,Neevaluat,Certificat,Certificat,Promovat,Neevaluat,Promovat,Promovat,Neevaluat,Neevaluat,Neevaluat,Neevaluat,Neevaluat,7.2,,7.15,6.1,Nu,,Nu,,Nu,,Nu,,,Promovat,6.81
407939,M,Științe ale Naturii,Real,Teoretica,Zi,URBAN,2161100876,210539881.0,a XII-a E,Limba română (REAL),,Limba engleză,Matematică ST-NAT,"Anatomie și fiziologie umană, genetică și ecologie umană",2015-2016,Nu,Nu,Nu,Nu,Nu,Nu,Nu,Nu,Experimentat,Neevaluat,Calificativ,Avansat,Promovat,Neevaluat,Promovat,Promovat,B1,B2,A2,B1,B1,7.75,,8.25,9.3,Nu,,Nu,,Nu,,Nu,,56,Promovat,8.43
407932,F,Științe ale Naturii,Real,Teoretica,Zi,URBAN,2161100876,210539881.0,a XII-a E,Limba română (REAL),,Limba engleză,Matematică ST-NAT,"Anatomie și fiziologie umană, genetică și ecologie umană",2015-2016,Nu,Nu,Nu,Nu,Nu,Nu,Nu,Nu,Experimentat,Neevaluat,Calificativ,Avansat,Promovat,Neevaluat,Promovat,Promovat,B2,A2,B1,B2,B2,8.5,,8.95,9.6,Da,9,Nu,,Nu,,Nu,,71,Promovat,9.18
430881,F,Matematica-Informatica,Real,Teoretica,Zi,URBAN,2161100876,210539881.0,a XII-a B,Limba română (REAL),,Limba engleză,Matematică MATE-INFO,"Anatomie și fiziologie umană, genetică și ecologie umană",2015-2016,Nu,Nu,Da,Da,Nu,Nu,Nu,Nu,Experimentat,Neevaluat,Certificat,Certificat,Promovat,Neevaluat,Promovat,Promovat,Neevaluat,Neevaluat,Neevaluat,Neevaluat,Neevaluat,7.9,,9.35,8.7,Da,7.25,Nu,,Nu,,Da,9.5,,Promovat,8.7
407670,F,Științe Sociale,Uman,Teoretica,Zi,URBAN,2161100876,210539881.0,a XII-a G,Limba română (UMAN),,Limba engleză,Istorie,Geografie,2015-2016,Nu,Nu,Nu,Nu,Nu,Nu,Nu,Nu,Experimentat,Neevaluat,Calificativ,Experimentat,Promovat,Neevaluat,Promovat,Promovat,B1,B1,B2,B2,B2,7.0,,8.35,9.8,Da,7.5,Nu,,Da,7.9,Nu,,83,Promovat,8.55
469909,M,Matematica-Informatica,Real,Teoretica,Zi,URBAN,2161100876,210539881.0,a XII-a C,Limba română (REAL),,Limba engleză,Matematică MATE-INFO,Fizică TEO,2015-2016,Nu,Nu,Nu,Nu,Nu,Nu,Nu,Nu,Experimentat,Neevaluat,Calificativ,Experimentat,Promovat,Neevaluat,Promovat,Promovat,B2,B1,B2,B2,B2,7.9,,8.85,8.15,Da,8.8,Nu,,Da,8.95,Nu,,75,Promovat,8.6
429166,F,Matematica-Informatica,Real,Teoretica,Zi,URBAN,2161100876,210539881.0,a XII-a B,Limba română (REAL),,Limba engleză,Matematică MATE-INFO,Fizică TEO,2015-2016,Nu,Nu,Da,Da,Nu,Nu,Nu,Nu,Experimentat,Neevaluat,Certificat,Certificat,Promovat,Neevaluat,Promovat,Promovat,Neevaluat,Neevaluat,Neevaluat,Neevaluat,Neevaluat,9.1,,9.95,9.1,Nu,,Nu,,Nu,,Nu,,,Promovat,9.38
469979,M,Matematica-Informatica,Real,Teoretica,Zi,URBAN,2161100876,210539881.0,a XII-a C,Limba română (REAL),,Limba engleză,Matematică MATE-INFO,Fizică TEO,2015-2016,Nu,Nu,Nu,Da,Nu,Nu,Nu,Nu,Experimentat,Neevaluat,Calificativ,Certificat,Promovat,Neevaluat,Promovat,Promovat,B2,B1,B2,B2,B2,7.45,,9.05,8.4,Nu,,Nu,,Nu,,Nu,,,Promovat,8.3
407574,M,Științe Sociale,Uman,Teoretica,Zi,RURAL,2161100876,210539881.0,a XII-a G,Limba română (UMAN),,Limba engleză,Istorie,Geografie,2015-2016,Nu,Nu,Nu,Nu,Nu,Nu,Nu,Nu,Experimentat,Neevaluat,Calificativ,Avansat,Promovat,Neevaluat,Promovat,Promovat,B2,A2,B1,B1,B1,7.4,,8.1,9.7,Nu,,Nu,,Nu,,Nu,,62,Promovat,8.4
407883,F,Filologie,Uman,Teoretica,Zi,URBAN,2161100876,210539881.0,a XII-a F,Limba română (UMAN),,Limba engleză,Istorie,Economie,2015-2016,Nu,Nu,Da,Da,Nu,Nu,Nu,Nu,Experimentat,Neevaluat,Certificat,Certificat,Promovat,Neevaluat,Promovat,Promovat,Neevaluat,Neevaluat,Neevaluat,Neevaluat,Neevaluat,8.1,,8.95,9.2,Da,8.25,Nu,,Da,7.9,Nu,,,Promovat,8.4
449816,F,Matematica-Informatica,Real,Teoretica,Zi,RURAL,2161100876,210539881.0,a XII-a D,Limba română (REAL),,Limba engleză,Matematică MATE-INFO,"Anatomie și fiziologie umană, genetică și ecologie umană",2015-2016,Nu,Nu,Nu,Nu,Nu,Nu,Nu,Nu,Experimentat,Neevaluat,Calificativ,Mediu,Promovat,Neevaluat,Promovat,Promovat,A1,A2,A2,A1,A1,7.3,,9.1,8.2,Da,7.7,Nu,,Nu,,Nu,,39,Promovat,8.2
430457,F,Matematica-Informatica,Real,Teoretica,Zi,URBAN,2161100876,210539881.0,a XII-a B,Limba română (REAL),,Limba engleză,Matematică MATE-INFO,"Anatomie și fiziologie umană, genetică și ecologie umană",2015-2016,Nu,Nu,Nu,Nu,Nu,Nu,Nu,Nu,Experimentat,Neevaluat,Calificativ,Avansat,Promovat,Neevaluat,Promovat,Promovat,B2,B2,B2,B2,B2,9.6,,8.4,9.45,Nu,,Nu,,Nu,,Nu,,68,Promovat,9.15
407863,F,Filologie,Uman,Teoretica,Zi,URBAN,2161100876,210539881.0,a XII-a F,Limba română (UMAN),,Limba engleză,Istorie,"Logică, argumentare și comunicare",2015-2016,Nu,Nu,Da,Nu,Nu,Nu,Nu,Nu,Experimentat,Neevaluat,Certificat,Avansat,Promovat,Neevaluat,Promovat,Promovat,Neevaluat,Neevaluat,Neevaluat,Neevaluat,Neevaluat,8.95,,9.8,9.4,Da,9.65,Nu,,Nu,,Nu,,59,Promovat,9.61
407935,F,Științe ale Naturii,Real,Teoretica,Zi,RURAL,2161100876,210539881.0,a XII-a E,Limba română (REAL),,Limba engleză,Matematică ST-NAT,"Anatomie și fiziologie umană, genetică și ecologie umană",2015-2016,Nu,Nu,Nu,Nu,Nu,Nu,Nu,Nu,Experimentat,Neevaluat,Calificativ,Avansat,Promovat,Neevaluat,Promovat,Promovat,B1,B2,B2,B2,B2,9.45,,8.75,9.5,Nu,,Nu,,Nu,,Nu,,62,Promovat,9.23
427823,M,Matematica-Informatica,Real,Teoretica,Zi,URBAN,2161100876,210539881.0,a XII-a B,Limba română (REAL),,Limba engleză,Matematică MATE-INFO,Fizică TEO,2015-2016,Nu,Nu,Da,Da,Nu,Nu,Nu,Nu,Experimentat,Neevaluat,Certificat,Certificat,Promovat,Neevaluat,Promovat,Promovat,Neevaluat,Neevaluat,Neevaluat,Neevaluat,Neevaluat,8.55,,9.85,9.65,Da,8.6,Nu,,Nu,,Nu,,,Promovat,9.35
469962,M,Matematica-Informatica,Real,Teoretica,Zi,URBAN,2161100876,210539881.0,a XII-a C,Limba română (REAL),,Limba engleză,Matematică MATE-INFO,Biologie vegetală și animală,2015-2016,Nu,Nu,Nu,Da,Nu,Nu,Nu,Nu,Experimentat,Neevaluat,Calificativ,Certificat,Promovat,Neevaluat,Promovat,Promovat,B2,B1,B2,B2,B2,8.6,,9.9,8.0,Nu,,Nu,,Nu,,Nu,,,Promovat,9.13
428632,F,Matematica-Informatica,Real,Teoretica,Zi,URBAN,2161100876,210539881.0,a XII-a B,Limba română (REAL),,Limba engleză,Matematică MATE-INFO,"Anatomie și fiziologie umană, genetică și ecologie umană",2015-2016,Nu,Nu,Nu,Da,Nu,Nu,Nu,Nu,Experimentat,Neevaluat,Calificativ,Certificat,Promovat,Neevaluat,Promovat,Promovat,B1,B1,B2,B2,B2,9.2,,9.25,9.4,Nu,,Nu,,Nu,,Nu,,,Promovat,9.28
407945,M,Științe ale Naturii,Real,Teoretica,Zi,URBAN,2161100876,210539881.0,a XII-a E,Limba română (REAL),,Limba engleză,Matematică ST-NAT,"Anatomie și fiziologie umană, genetică și ecologie umană",2015-2016,Nu,Nu,Nu,Nu,Nu,Nu,Nu,Nu,Experimentat,Neevaluat,Calificativ,Mediu,Promovat,Neevaluat,Promovat,Promovat,A1,A1,-,A1,A1,7.05,,6.8,35.0,Nu,,Nu,,Nu,,Nu,,38,Promovat,7.13
407911,F,Științe ale Naturii,Real,Teoretica,Zi,URBAN,2161100876,210539881.0,a XII-a E,Limba română (REAL),,Limba engleză,Matematică ST-NAT,Chimie organică TEO Nivel I/II,2015-2016,Nu,Nu,Nu,Nu,Nu,Nu,Nu,Nu,Experimentat,Neevaluat,Calificativ,Experimentat,Promovat,Neevaluat,Promovat,Promovat,A2,A2,B1,B2,B2,7.5,,8.6,9.05,Nu,,Nu,,Nu,,Nu,,80,Promovat,8.38
407610,F,Științe Sociale,Uman,Teoretica,Zi,RURAL,2161100876,210539881.0,a XII-a G,Limba română (UMAN),,Limba engleză,Istorie,Geografie,2015-2016,Nu,Nu,Nu,Nu,Nu,Nu,Nu,Nu,Experimentat,Neevaluat,Calificativ,Avansat,Promovat,Neevaluat,Promovat,Promovat,A2,A2,A2,B1,B1,8.0,,8.5,9.75,Nu,,Nu,,Nu,,Nu,,59,Promovat,8.75
407919,F,Științe ale Naturii,Real,Teoretica,Zi,RURAL,2161100876,210539881.0,a XII-a E,Limba română (REAL),,Limba engleză,Matematică ST-NAT,Chimie organică TEO Nivel I/II,2015-2016,Nu,Nu,Nu,Nu,Nu,Nu,Nu,Nu,Experimentat,Neevaluat,Calificativ,Avansat,Promovat,Neevaluat,Promovat,Promovat,A2,A1,B1,B1,B1,8.6,,9.15,9.5,Nu,,Nu,,Nu,,Nu,,65,Promovat,9.08
407657,F,Științe Sociale,Uman,Teoretica,Zi,URBAN,2161100876,210539881.0,a XII-a G,Limba română (UMAN),,Limba engleză,Istorie,"Logică, argumentare și comunicare",2015-2016,Nu,Nu,Nu,Nu,Nu,Nu,Nu,Nu,Experimentat,Neevaluat,Calificativ,Mediu,Promovat,Neevaluat,Promovat,Promovat,B2,A2,A2,B1,B1,8.1,,9.75,9.5,Nu,,Nu,,Nu,,Nu,,46,Promovat,9.11
449454,F,Matematica-Informatica,Real,Teoretica,Zi,RURAL,2161100876,210539881.0,a XII-a D,Limba română (REAL),,Limba engleză,Matematică MATE-INFO,Fizică TEO,2015-2016,Nu,Nu,Nu,Nu,Nu,Nu,Nu,Nu,Experimentat,Neevaluat,Calificativ,Avansat,Promovat,Neevaluat,Promovat,Promovat,B1,A2,A1,A2,A2,8.4,,9.9,9.65,Nu,,Nu,,Nu,,Nu,,66,Promovat,9.31
407820,F,Filologie,Uman,Teoretica,Zi,URBAN,2161100876,210539881.0,a XII-a F,Limba română (UMAN),,Limba engleză,Istorie,"Logică, argumentare și comunicare",2015-2016,Nu,Nu,Nu,Nu,Nu,Nu,Nu,Nu,Experimentat,Neevaluat,Calificativ,Mediu,Promovat,Neevaluat,Promovat,Promovat,B2,A2,B1,B2,B2,8.2,,5.6,9.7,Nu,,Nu,,Nu,,Nu,,44,Promovat,7.83
